bbr_player_id,display_name,season,canonical_franchise,player_games,s1_schedule_games,s2_team_games,interval_game_capacity,missing_schedule_games,departure_day_game_allowance,interval_capacity_upper_bound,review_kind,reason
abdursh01,Shareef Abdur-Rahim,2004,HAWKS,53,82,82,52,0,1,53,same-day-game-order-unresolved,"same-day-game-order-unresolved(S2-player-games=53,S1-season-games=82,S2-team-games=82,interval-capacity=52,departure-day-allowance=1,missing-games-allowance=0,capacity-upper-bound=53)"
adamsst01,Steven Adams,2017,THUNDER,80,82,82,79,0,0,79,appearance-count-conflict,"appearance-count-conflict(S2-player-games=80,S1-season-games=82,S2-team-games=82,interval-capacity=79,departure-day-allowance=0,missing-games-allowance=0,capacity-upper-bound=79)"
alstora01,Rafer Alston,2003,RAPTORS,47,82,82,43,0,0,43,appearance-count-conflict,"appearance-count-conflict(S2-player-games=47,S1-season-games=82,S2-team-games=82,interval-capacity=43,departure-day-allowance=0,missing-games-allowance=0,capacity-upper-bound=43)"
barnhle01,Leo Barnhorst,1954,BULLETS-DEFUNCT,55,71,72,53,1,1,55,same-day-game-order-unresolved,"same-day-game-order-unresolved(S2-player-games=55,S1-season-games=71,S2-team-games=72,interval-capacity=53,departure-day-allowance=1,missing-games-allowance=1,capacity-upper-bound=55)"
bibbymi01,Mike Bibby,2008,HAWKS,33,82,82,32,0,0,32,appearance-count-conflict,"appearance-count-conflict(S2-player-games=33,S1-season-games=82,S2-team-games=82,interval-capacity=32,departure-day-allowance=0,missing-games-allowance=0,capacity-upper-bound=32)"
bledser01,Eric Bledsoe,2019,BUCKS,78,82,82,19,0,0,19,appearance-count-conflict,"appearance-count-conflict(S2-player-games=78,S1-season-games=82,S2-team-games=82,interval-capacity=19,departure-day-allowance=0,missing-games-allowance=0,capacity-upper-bound=19)"
blockjo01,John Block,1972,BUCKS,79,82,82,30,0,0,30,appearance-count-conflict,"appearance-count-conflict(S2-player-games=79,S1-season-games=82,S2-team-games=82,interval-capacity=30,departure-day-allowance=0,missing-games-allowance=0,capacity-upper-bound=30)"
boydde01,Dennis Boyd,1979,PISTONS,5,82,82,4,0,1,5,same-day-game-order-unresolved,"same-day-game-order-unresolved(S2-player-games=5,S1-season-games=82,S2-team-games=82,interval-capacity=4,departure-day-allowance=1,missing-games-allowance=0,capacity-upper-bound=5)"
brewero01,Ron Brewer,1982,SPURS,25,82,82,24,0,1,25,same-day-game-order-unresolved,"same-day-game-order-unresolved(S2-player-games=25,S1-season-games=82,S2-team-games=82,interval-capacity=24,departure-day-allowance=1,missing-games-allowance=0,capacity-upper-bound=25)"
brookdi01,Dillon Brooks,2020,GRIZZLIES,73,73,73,23,0,0,23,appearance-count-conflict,"appearance-count-conflict(S2-player-games=73,S1-season-games=73,S2-team-games=73,interval-capacity=23,departure-day-allowance=0,missing-games-allowance=0,capacity-upper-bound=23)"
brownto01,Tony Brown,1992,THUNDER,35,82,82,30,0,0,30,appearance-count-conflict,"appearance-count-conflict(S2-player-games=35,S1-season-games=82,S2-team-games=82,interval-capacity=30,departure-day-allowance=0,missing-games-allowance=0,capacity-upper-bound=30)"
brunsri01,Rick Brunson,2002,TRAIL BLAZERS,59,82,82,58,0,0,58,appearance-count-conflict,"appearance-count-conflict(S2-player-games=59,S1-season-games=82,S2-team-games=82,interval-capacity=58,departure-day-allowance=0,missing-games-allowance=0,capacity-upper-bound=58)"
burtowi01,Willie Burton,1997,HAWKS,24,82,82,21,0,1,22,appearance-count-conflict,"appearance-count-conflict(S2-player-games=24,S1-season-games=82,S2-team-games=82,interval-capacity=21,departure-day-allowance=1,missing-games-allowance=0,capacity-upper-bound=22)"
butlemi02,Mitchell Butler,1999,CAVALIERS,31,50,50,29,0,0,29,appearance-count-conflict,"appearance-count-conflict(S2-player-games=31,S1-season-games=50,S2-team-games=50,interval-capacity=29,departure-day-allowance=0,missing-games-allowance=0,capacity-upper-bound=29)"
caldwjo01,Joe Caldwell,1966,PISTONS,33,80,80,32,0,1,33,same-day-game-order-unresolved,"same-day-game-order-unresolved(S2-player-games=33,S1-season-games=80,S2-team-games=80,interval-capacity=32,departure-day-allowance=1,missing-games-allowance=0,capacity-upper-bound=33)"
colemec01,E.C. Coleman,1979,ROCKETS,6,82,82,5,0,1,6,same-day-game-order-unresolved,"same-day-game-order-unresolved(S2-player-games=6,S1-season-games=82,S2-team-games=82,interval-capacity=5,departure-day-allowance=1,missing-games-allowance=0,capacity-upper-bound=6)"
conlemi01,Mike Conley,2011,GRIZZLIES,81,82,82,79,0,0,79,appearance-count-conflict,"appearance-count-conflict(S2-player-games=81,S1-season-games=82,S2-team-games=82,interval-capacity=79,departure-day-allowance=0,missing-games-allowance=0,capacity-upper-bound=79)"
covinro01,Robert Covington,2018,76ERS,80,82,82,68,0,0,68,appearance-count-conflict,"appearance-count-conflict(S2-player-games=80,S1-season-games=82,S2-team-games=82,interval-capacity=68,departure-day-allowance=0,missing-games-allowance=0,capacity-upper-bound=68)"
dienggo01,Gorgui Dieng,2017,TIMBERWOLVES,82,82,82,80,0,0,80,appearance-count-conflict,"appearance-count-conflict(S2-player-games=82,S1-season-games=82,S2-team-games=82,interval-capacity=80,departure-day-allowance=0,missing-games-allowance=0,capacity-upper-bound=80)"
dinwisp01,Spencer Dinwiddie,2019,NETS,68,82,82,53,0,0,53,appearance-count-conflict,"appearance-count-conflict(S2-player-games=68,S1-season-games=82,S2-team-games=82,interval-capacity=53,departure-day-allowance=0,missing-games-allowance=0,capacity-upper-bound=53)"
fitzgbo01,Bob Fitzgerald,1947,HUSKIES,31,60,60,30,0,1,31,same-day-game-order-unresolved,"same-day-game-order-unresolved(S2-player-games=31,S1-season-games=60,S2-team-games=60,interval-capacity=30,departure-day-allowance=1,missing-games-allowance=0,capacity-upper-bound=31)"
floydsl01,Sleepy Floyd,1988,WARRIORS,18,82,82,17,0,1,18,same-day-game-order-unresolved,"same-day-game-order-unresolved(S2-player-games=18,S1-season-games=82,S2-team-games=82,interval-capacity=17,departure-day-allowance=1,missing-games-allowance=0,capacity-upper-bound=18)"
fryerbe01,Bernie Fryer,1974,TRAIL BLAZERS,80,82,82,41,0,1,42,appearance-count-conflict,"appearance-count-conflict(S2-player-games=80,S1-season-games=82,S2-team-games=82,interval-capacity=41,departure-day-allowance=1,missing-games-allowance=0,capacity-upper-bound=42)"
georgja01,Jack George,1960,KNICKS,69,75,75,39,0,0,39,appearance-count-conflict,"appearance-count-conflict(S2-player-games=69,S1-season-games=75,S2-team-games=75,interval-capacity=39,departure-day-allowance=0,missing-games-allowance=0,capacity-upper-bound=39)"
ginobma01,Manu Ginóbili,2010,SPURS,75,82,82,4,0,0,4,appearance-count-conflict,"appearance-count-conflict(S2-player-games=75,S1-season-games=82,S2-team-games=82,interval-capacity=4,departure-day-allowance=0,missing-games-allowance=0,capacity-upper-bound=4)"
giricgo01,Gordan Giriček,2008,SUNS,22,82,82,13,0,0,13,appearance-count-conflict,"appearance-count-conflict(S2-player-games=22,S1-season-games=82,S2-team-games=82,interval-capacity=13,departure-day-allowance=0,missing-games-allowance=0,capacity-upper-bound=13)"
gminsmi01,Mike Gminski,1988,NETS,34,82,82,33,0,1,34,same-day-game-order-unresolved,"same-day-game-order-unresolved(S2-player-games=34,S1-season-games=82,S2-team-games=82,interval-capacity=33,departure-day-allowance=1,missing-games-allowance=0,capacity-upper-bound=34)"
goberru01,Rudy Gobert,2017,JAZZ,81,82,82,79,0,0,79,appearance-count-conflict,"appearance-count-conflict(S2-player-games=81,S1-season-games=82,S2-team-games=82,interval-capacity=79,departure-day-allowance=0,missing-games-allowance=0,capacity-upper-bound=79)"
gueriri01,Richie Guerin,1964,KNICKS,2,80,80,1,0,0,1,appearance-count-conflict,"appearance-count-conflict(S2-player-games=2,S1-season-games=80,S2-team-games=80,interval-capacity=1,departure-day-allowance=0,missing-games-allowance=0,capacity-upper-bound=1)"
halbech01,Chick Halbert,1951,CAPITOLS,35,35,35,34,0,1,35,same-day-game-order-unresolved,"same-day-game-order-unresolved(S2-player-games=35,S1-season-games=35,S2-team-games=35,interval-capacity=34,departure-day-allowance=1,missing-games-allowance=0,capacity-upper-bound=35)"
handlbe01,Ben Handlogten,2005,JAZZ,21,82,82,12,0,0,12,appearance-count-conflict,"appearance-count-conflict(S2-player-games=21,S1-season-games=82,S2-team-games=82,interval-capacity=12,departure-day-allowance=0,missing-games-allowance=0,capacity-upper-bound=12)"
hendege01,Gerald Henderson,1988,KNICKS,6,82,82,5,0,1,6,same-day-game-order-unresolved,"same-day-game-order-unresolved(S2-player-games=6,S1-season-games=82,S2-team-games=82,interval-capacity=5,departure-day-allowance=1,missing-games-allowance=0,capacity-upper-bound=6)"
hitchle01,Lew Hitch,1954,HAWKS,72,71,72,24,1,1,26,appearance-count-conflict,"appearance-count-conflict(S2-player-games=72,S1-season-games=71,S2-team-games=72,interval-capacity=24,departure-day-allowance=1,missing-games-allowance=1,capacity-upper-bound=26)"
hodgecr01,Craig Hodges,1990,BULLS,63,82,82,15,0,0,15,appearance-count-conflict,"appearance-count-conflict(S2-player-games=63,S1-season-games=82,S2-team-games=82,interval-capacity=15,departure-day-allowance=0,missing-games-allowance=0,capacity-upper-bound=15)"
hubbaph01,Phil Hubbard,1982,PISTONS,52,82,82,51,0,1,52,same-day-game-order-unresolved,"same-day-game-order-unresolved(S2-player-games=52,S1-season-games=82,S2-team-games=82,interval-capacity=51,departure-day-allowance=1,missing-games-allowance=0,capacity-upper-bound=52)"
johnscl01,Clemon Johnson,1983,PACERS,51,82,82,50,0,1,51,same-day-game-order-unresolved,"same-day-game-order-unresolved(S2-player-games=51,S1-season-games=82,S2-team-games=82,interval-capacity=50,departure-day-allowance=1,missing-games-allowance=0,capacity-upper-bound=51)"
johnscl02,Clay Johnson,1982,LAKERS,7,82,82,4,0,0,4,appearance-count-conflict,"appearance-count-conflict(S2-player-games=7,S1-season-games=82,S2-team-games=82,interval-capacity=4,departure-day-allowance=0,missing-games-allowance=0,capacity-upper-bound=4)"
jorgeno01,Noble Jorgensen,1951,HAWKS,22,68,68,21,0,1,22,same-day-game-order-unresolved,"same-day-game-order-unresolved(S2-player-games=22,S1-season-games=68,S2-team-games=68,interval-capacity=21,departure-day-allowance=1,missing-games-allowance=0,capacity-upper-bound=22)"
kappeto01,Tony Kappen,1947,CELTICS,18,60,60,17,0,1,18,same-day-game-order-unresolved,"same-day-game-order-unresolved(S2-player-games=18,S1-season-games=60,S2-team-games=60,interval-capacity=17,departure-day-allowance=1,missing-games-allowance=0,capacity-upper-bound=18)"
leecl01,Clyde Lee,1970,WARRIORS,82,82,82,55,0,0,55,appearance-count-conflict,"appearance-count-conflict(S2-player-games=82,S1-season-games=82,S2-team-games=82,interval-capacity=55,departure-day-allowance=0,missing-games-allowance=0,capacity-upper-bound=55)"
livinro01,Ron Livingstone,1950,BULLETS-DEFUNCT,16,68,68,15,0,1,16,same-day-game-order-unresolved,"same-day-game-order-unresolved(S2-player-games=16,S1-season-games=68,S2-team-games=68,interval-capacity=15,departure-day-allowance=1,missing-games-allowance=0,capacity-upper-bound=16)"
lynchke01,Kevin Lynch,1992,HORNETS-PELICANS,55,82,82,2,0,1,3,appearance-count-conflict,"appearance-count-conflict(S2-player-games=55,S1-season-games=82,S2-team-games=82,interval-capacity=2,departure-day-allowance=1,missing-games-allowance=0,capacity-upper-bound=3)"
mahnkjo01,John Mahnken,1950,HAWKS,36,64,64,35,0,1,36,same-day-game-order-unresolved,"same-day-game-order-unresolved(S2-player-games=36,S1-season-games=64,S2-team-games=64,interval-capacity=35,departure-day-allowance=1,missing-games-allowance=0,capacity-upper-bound=36)"
marshto01,Tom Marshall,1958,KINGS,29,72,72,12,0,0,12,appearance-count-conflict,"appearance-count-conflict(S2-player-games=29,S1-season-games=72,S2-team-games=72,interval-capacity=12,departure-day-allowance=0,missing-games-allowance=0,capacity-upper-bound=12)"
matthwe01,Wes Matthews,1984,76ERS,14,82,82,12,0,1,13,appearance-count-conflict,"appearance-count-conflict(S2-player-games=14,S1-season-games=82,S2-team-games=82,interval-capacity=12,departure-day-allowance=1,missing-games-allowance=0,capacity-upper-bound=13)"
mcdyean01,Antonio McDyess,2009,PISTONS,62,82,82,2,0,1,3,appearance-count-conflict,"appearance-count-conflict(S2-player-games=62,S1-season-games=82,S2-team-games=82,interval-capacity=2,departure-day-allowance=1,missing-games-allowance=0,capacity-upper-bound=3)"
mcgeeja01,JaVale McGee,2015,76ERS,6,82,82,5,0,1,6,same-day-game-order-unresolved,"same-day-game-order-unresolved(S2-player-games=6,S1-season-games=82,S2-team-games=82,interval-capacity=5,departure-day-allowance=1,missing-games-allowance=0,capacity-upper-bound=6)"
mclemmc01,McCoy McLemore,1969,SUNS,31,82,82,30,0,1,31,same-day-game-order-unresolved,"same-day-game-order-unresolved(S2-player-games=31,S1-season-games=82,S2-team-games=82,interval-capacity=30,departure-day-allowance=1,missing-games-allowance=0,capacity-upper-bound=31)"
mcneila01,Larry McNeill,1979,PISTONS,11,82,82,10,0,0,10,appearance-count-conflict,"appearance-count-conflict(S2-player-games=11,S1-season-games=82,S2-team-games=82,interval-capacity=10,departure-day-allowance=0,missing-games-allowance=0,capacity-upper-bound=10)"
milesda01,Darius Miles,2009,GRIZZLIES,34,82,82,12,0,1,13,appearance-count-conflict,"appearance-count-conflict(S2-player-games=34,S1-season-games=82,S2-team-games=82,interval-capacity=12,departure-day-allowance=1,missing-games-allowance=0,capacity-upper-bound=13)"
mitchmi01,Mike Mitchell,1982,CAVALIERS,27,82,82,26,0,1,27,same-day-game-order-unresolved,"same-day-game-order-unresolved(S2-player-games=27,S1-season-games=82,S2-team-games=82,interval-capacity=26,departure-day-allowance=1,missing-games-allowance=0,capacity-upper-bound=27)"
mooremi01,Mikki Moore,2003,HAWKS,5,82,82,2,0,0,2,appearance-count-conflict,"appearance-count-conflict(S2-player-games=5,S1-season-games=82,S2-team-games=82,interval-capacity=2,departure-day-allowance=0,missing-games-allowance=0,capacity-upper-bound=2)"
naullwi01,Willie Naulls,1957,KNICKS,52,72,72,51,0,0,51,appearance-count-conflict,"appearance-count-conflict(S2-player-games=52,S1-season-games=72,S2-team-games=72,interval-capacity=51,departure-day-allowance=0,missing-games-allowance=0,capacity-upper-bound=51)"
newblir01,Ira Newble,2002,HAWKS,42,82,82,41,0,0,41,appearance-count-conflict,"appearance-count-conflict(S2-player-games=42,S1-season-games=82,S2-team-games=82,interval-capacity=41,departure-day-allowance=0,missing-games-allowance=0,capacity-upper-bound=41)"
nostrge01,George Nostrand,1949,STEAMROLLERS,33,60,60,32,0,1,33,same-day-game-order-unresolved,"same-day-game-order-unresolved(S2-player-games=33,S1-season-games=60,S2-team-games=60,interval-capacity=32,departure-day-allowance=1,missing-games-allowance=0,capacity-upper-bound=33)"
onealro01,Royce O'Neale,2020,JAZZ,71,72,72,30,0,0,30,appearance-count-conflict,"appearance-count-conflict(S2-player-games=71,S1-season-games=72,S2-team-games=72,interval-capacity=30,departure-day-allowance=0,missing-games-allowance=0,capacity-upper-bound=30)"
osmande01,Cedi Osman,2020,CAVALIERS,65,65,65,64,0,0,64,appearance-count-conflict,"appearance-count-conflict(S2-player-games=65,S1-season-games=65,S2-team-games=65,interval-capacity=64,departure-day-allowance=0,missing-games-allowance=0,capacity-upper-bound=64)"
overtdo01,Doug Overton,2002,CLIPPERS,18,82,82,17,0,0,17,appearance-count-conflict,"appearance-count-conflict(S2-player-games=18,S1-season-games=82,S2-team-games=82,interval-capacity=17,departure-day-allowance=0,missing-games-allowance=0,capacity-upper-bound=17)"
packro01,Robert Pack,2004,NETS,26,82,82,4,0,0,4,appearance-count-conflict,"appearance-count-conflict(S2-player-games=26,S1-season-games=82,S2-team-games=82,interval-capacity=4,departure-day-allowance=0,missing-games-allowance=0,capacity-upper-bound=4)"
parkme01,Med Park,1959,KINGS,33,72,72,32,0,0,32,appearance-count-conflict,"appearance-count-conflict(S2-player-games=33,S1-season-games=72,S2-team-games=72,interval-capacity=32,departure-day-allowance=0,missing-games-allowance=0,capacity-upper-bound=32)"
paultbi01,Billy Paultz,1983,SPURS,7,82,82,6,0,0,6,appearance-count-conflict,"appearance-count-conflict(S2-player-games=7,S1-season-games=82,S2-team-games=82,interval-capacity=6,departure-day-allowance=0,missing-games-allowance=0,capacity-upper-bound=6)"
pheglro01,Roger Phegley,1982,CAVALIERS,27,82,82,26,0,1,27,same-day-game-order-unresolved,"same-day-game-order-unresolved(S2-player-games=27,S1-season-games=82,S2-team-games=82,interval-capacity=26,departure-day-allowance=1,missing-games-allowance=0,capacity-upper-bound=27)"
priceji01,Jim Price,1975,LAKERS,9,82,82,8,0,1,9,same-day-game-order-unresolved,"same-day-game-order-unresolved(S2-player-games=9,S1-season-games=82,S2-team-games=82,interval-capacity=8,departure-day-allowance=1,missing-games-allowance=0,capacity-upper-bound=9)"
priceji01,Jim Price,1978,NUGGETS,49,82,82,48,0,1,49,same-day-game-order-unresolved,"same-day-game-order-unresolved(S2-player-games=49,S1-season-games=82,S2-team-games=82,interval-capacity=48,departure-day-allowance=1,missing-games-allowance=0,capacity-upper-bound=49)"
ratkoge01,George Ratkovicz,1953,HAWKS,61,71,71,60,0,0,60,appearance-count-conflict,"appearance-count-conflict(S2-player-games=61,S1-season-games=71,S2-team-games=71,interval-capacity=60,departure-day-allowance=0,missing-games-allowance=0,capacity-upper-bound=60)"
ratlith01,Theo Ratliff,2004,HAWKS,53,82,82,52,0,1,53,same-day-game-order-unresolved,"same-day-game-order-unresolved(S2-player-games=53,S1-season-games=82,S2-team-games=82,interval-capacity=52,departure-day-allowance=1,missing-games-allowance=0,capacity-upper-bound=53)"
reedhu01,Hub Reed,1960,KINGS,69,75,75,20,0,0,20,appearance-count-conflict,"appearance-count-conflict(S2-player-games=69,S1-season-games=75,S2-team-games=75,interval-capacity=20,departure-day-allowance=0,missing-games-allowance=0,capacity-upper-bound=20)"
rodgegu01,Guy Rodgers,1968,BULLS,4,82,82,3,0,1,4,same-day-game-order-unresolved,"same-day-game-order-unresolved(S2-player-games=4,S1-season-games=82,S2-team-games=82,interval-capacity=3,departure-day-allowance=1,missing-games-allowance=0,capacity-upper-bound=4)"
rulebo01,Bob Rule,1974,CAVALIERS,26,82,82,25,0,1,26,same-day-game-order-unresolved,"same-day-game-order-unresolved(S2-player-games=26,S1-season-games=82,S2-team-games=82,interval-capacity=25,departure-day-allowance=1,missing-games-allowance=0,capacity-upper-bound=26)"
sampsra01,Ralph Sampson,1988,ROCKETS,19,82,82,18,0,1,19,same-day-game-order-unresolved,"same-day-game-order-unresolved(S2-player-games=19,S1-season-games=82,S2-team-games=82,interval-capacity=18,departure-day-allowance=1,missing-games-allowance=0,capacity-upper-bound=19)"
schluda01,Dale Schlueter,1973,76ERS,78,82,82,55,0,0,55,appearance-count-conflict,"appearance-count-conflict(S2-player-games=78,S1-season-games=82,S2-team-games=82,interval-capacity=55,departure-day-allowance=0,missing-games-allowance=0,capacity-upper-bound=55)"
scolafr01,Fred Scolari,1951,CAPITOLS,35,35,35,34,0,1,35,same-day-game-order-unresolved,"same-day-game-order-unresolved(S2-player-games=35,S1-season-games=35,S2-team-games=35,interval-capacity=34,departure-day-allowance=1,missing-games-allowance=0,capacity-upper-bound=35)"
silaspa01,Paul Silas,1972,SUNS,80,82,82,76,0,0,76,appearance-count-conflict,"appearance-count-conflict(S2-player-games=80,S1-season-games=82,S2-team-games=82,interval-capacity=76,departure-day-allowance=0,missing-games-allowance=0,capacity-upper-bound=76)"
simmoco01,Connie Simmons,1949,BULLETS-DEFUNCT,60,60,60,45,0,0,45,appearance-count-conflict,"appearance-count-conflict(S2-player-games=60,S1-season-games=60,S2-team-games=60,interval-capacity=45,departure-day-allowance=0,missing-games-allowance=0,capacity-upper-bound=45)"
tatumea01,Earl Tatum,1979,PISTONS,76,82,82,54,0,0,54,appearance-count-conflict,"appearance-count-conflict(S2-player-games=76,S1-season-games=82,S2-team-games=82,interval-capacity=54,departure-day-allowance=0,missing-games-allowance=0,capacity-upper-bound=54)"
telfase01,Sebastian Telfair,2015,THUNDER,16,82,82,15,0,1,16,same-day-game-order-unresolved,"same-day-game-order-unresolved(S2-player-games=16,S1-season-games=82,S2-team-games=82,interval-capacity=15,departure-day-allowance=1,missing-games-allowance=0,capacity-upper-bound=16)"
washiji01,Jim Washington,1972,76ERS,17,82,82,16,0,1,17,same-day-game-order-unresolved,"same-day-game-order-unresolved(S2-player-games=17,S1-season-games=82,S2-team-games=82,interval-capacity=16,departure-day-allowance=1,missing-games-allowance=0,capacity-upper-bound=17)"
westbru01,Russell Westbrook,2012,THUNDER,66,66,66,51,0,0,51,appearance-count-conflict,"appearance-count-conflict(S2-player-games=66,S1-season-games=66,S2-team-games=66,interval-capacity=51,departure-day-allowance=0,missing-games-allowance=0,capacity-upper-bound=51)"
