a,b,team,season,game_id,date,a_source,b_source
achiupr01,johnsda08,RAPTORS,2022,0022100058,2021-10-27,S1 play_by_play:game:0022100058:event:19:player3,S1 play_by_play:game:0022100058:event:692:player2
acyqu01,dukandu01,KINGS,2016,0021501224,2016-04-13,S1 play_by_play:game:0021501224:event:39:player2,S1 play_by_play:game:0021501224:event:55:player2
adamsst01,buchash01,GRIZZLIES,2022,0022100496,2021-12-26,S1 play_by_play:game:0022100496:event:17:player1,S1 play_by_play:game:0022100496:event:695:player2
adamsst01,magnawi01,HORNETS-PELICANS,2021,0022000663,2021-03-23,S1 play_by_play:game:0022000663:event:11:player1,S1 play_by_play:game:0022000663:event:631:player2
adamsst01,teskejo01,GRIZZLIES,2022,0022100554,2022-01-03,S1 play_by_play:game:0022100554:event:10:player1,S1 play_by_play:game:0022100554:event:694:player2
aldamsa01,teskejo01,GRIZZLIES,2022,0022100554,2022-01-03,S1 play_by_play:game:0022100554:event:96:player2,S1 play_by_play:game:0022100554:event:694:player2
alexani01,cheatzy01,HORNETS-PELICANS,2020,0021900187,2019-11-17,S1 play_by_play:game:0021900187:event:70:player2,S1 play_by_play:game:0021900187:event:103:player2
alexani01,magnawi01,HORNETS-PELICANS,2021,0022000663,2021-03-23,S1 play_by_play:game:0022000663:event:7:player1,S1 play_by_play:game:0022000663:event:631:player2
allengr01,delauja01,BUCKS,2022,0022100539,2022-01-01,S1 play_by_play:game:0022100539:event:17:player1,S1 play_by_play:game:0022100539:event:669:player2
allengr01,kalaige01,BUCKS,2022,0022100001,2021-10-19,S1 play_by_play:game:0022100001:event:7:player1,S1 play_by_play:game:0022100001:event:674:player2
allengr01,nba:1630492,BUCKS,2022,0042100123,2022-04-22,S1 play_by_play:game:0042100123:event:61:player2,S1 play_by_play:game:0042100123:event:502:player2
allenka01,garrebi01,KNICKS,2019,0021801223,2019-04-10,S1 play_by_play:game:0021801223:event:67:player2,S1 play_by_play:game:0021801223:event:453:player2
allrela01,brownde02,CAVALIERS,2008,0020701036,2008-03-22,S1 play_by_play:game:0020701036:event:493:player2,S1 play_by_play:game:0020701036:event:57:player2
allrela01,gibsoda01,CAVALIERS,2008,0020701219,2008-04-16,S1 play_by_play:game:0020701219:event:381:player2,S1 play_by_play:game:0020701219:event:63:player2
allrela01,ilgauzy01,CAVALIERS,2008,0020701036,2008-03-22,S1 play_by_play:game:0020701036:event:493:player2,S1 play_by_play:game:0020701036:event:3:player3
allrela01,jamesle01,CAVALIERS,2008,0020701036,2008-03-22,S1 play_by_play:game:0020701036:event:493:player2,S1 play_by_play:game:0020701036:event:4:player1
allrela01,jonesda01,CAVALIERS,2008,0020701036,2008-03-22,S1 play_by_play:game:0020701036:event:493:player2,S1 play_by_play:game:0020701036:event:58:player2
allrela01,jonesdw02,CAVALIERS,2008,0020701219,2008-04-16,S1 play_by_play:game:0020701219:event:381:player2,S1 play_by_play:game:0020701219:event:80:player2
allrela01,pavloal01,CAVALIERS,2008,0020701036,2008-03-22,S1 play_by_play:game:0020701036:event:493:player2,S1 play_by_play:game:0020701036:event:18:player2
allrela01,smithjo02,CAVALIERS,2008,0020701036,2008-03-22,S1 play_by_play:game:0020701036:event:493:player2,S1 play_by_play:game:0020701036:event:56:player2
allrela01,szczewa02,CAVALIERS,2008,0020701036,2008-03-22,S1 play_by_play:game:0020701036:event:493:player2,S1 play_by_play:game:0020701036:event:85:player2
allrela01,thomabi01,CAVALIERS,2008,0020701219,2008-04-16,S1 play_by_play:game:0020701219:event:381:player2,S1 play_by_play:game:0020701219:event:410:player2
allrela01,varejan01,CAVALIERS,2008,0020701036,2008-03-22,S1 play_by_play:game:0020701036:event:493:player2,S1 play_by_play:game:0020701036:event:29:player1
allrela01,wallabe01,CAVALIERS,2008,0020701219,2008-04-16,S1 play_by_play:game:0020701219:event:381:player2,S1 play_by_play:game:0020701219:event:2:player1
allrela01,westde01,CAVALIERS,2008,0020701036,2008-03-22,S1 play_by_play:game:0020701036:event:493:player2,S1 play_by_play:game:0020701036:event:41:player1
anderja01,dukandu01,KINGS,2016,0021501224,2016-04-13,S1 play_by_play:game:0021501224:event:28:player2,S1 play_by_play:game:0021501224:event:55:player2
anderju01,caverah01,PACERS,2022,0022100571,2022-01-05,S1 play_by_play:game:0022100571:event:134:player2,S1 play_by_play:game:0022100571:event:637:player2
anderju01,scotttr01,CAVALIERS,2022,0022100471,2021-12-22,S1 play_by_play:game:0022100471:event:666:player2,S1 play_by_play:game:0022100471:event:668:player2
anderky01,buchash01,GRIZZLIES,2022,0022100496,2021-12-26,S1 play_by_play:game:0022100496:event:63:player2,S1 play_by_play:game:0022100496:event:695:player2
antetgi01,bryanel01,BUCKS,2021,0042000122,2021-05-24,S1 play_by_play:game:0042000122:event:12:player1,S1 play_by_play:game:0042000122:event:624:player2
antetgi01,delauja01,BUCKS,2022,0022100539,2022-01-01,S1 play_by_play:game:0022100539:event:8:player1,S1 play_by_play:game:0022100539:event:669:player2
antetgi01,kalaige01,BUCKS,2022,0022100001,2021-10-19,S1 play_by_play:game:0022100001:event:14:player1,S1 play_by_play:game:0022100001:event:674:player2
antetgi01,nba:1630492,BUCKS,2022,0042100123,2022-04-22,S1 play_by_play:game:0042100123:event:12:player1,S1 play_by_play:game:0042100123:event:502:player2
antetko01,norveza01,LAKERS,2020,0021900025,2019-10-25,S1 play_by_play:game:0021900025:event:668:player2,S1 play_by_play:game:0021900025:event:643:player2
antetth01,bryanel01,BUCKS,2021,0022001068,2021-05-16,S1 play_by_play:game:0022001068:event:9:player1,S1 play_by_play:game:0022001068:event:70:player2
antetth01,kalaige01,BUCKS,2022,0022100001,2021-10-19,S1 play_by_play:game:0022100001:event:110:player2,S1 play_by_play:game:0022100001:event:674:player2
antetth01,nba:1630492,BUCKS,2022,0042100123,2022-04-22,S1 play_by_play:game:0042100123:event:491:player2,S1 play_by_play:game:0042100123:event:502:player2
anthoca01,brownch05,LAKERS,2022,0022100436,2021-12-17,S1 play_by_play:game:0022100436:event:110:player2,S1 play_by_play:game:0022100436:event:39:player2
anunoog01,johnsda08,RAPTORS,2022,0022100058,2021-10-27,S1 play_by_play:game:0022100058:event:13:player1,S1 play_by_play:game:0022100058:event:692:player2
arizatr01,brownch05,LAKERS,2022,0022100448,2021-12-19,S1 play_by_play:game:0022100448:event:99:player2,S1 play_by_play:game:0022100448:event:98:player2
armsthi01,sypa01,HAWKS,2011,0021001188,2011-04-09,S1 play_by_play:game:0021001188:event:50:player2,S1 play_by_play:game:0021001188:event:419:player2
balllo01,cheatzy01,HORNETS-PELICANS,2020,0021900591,2020-01-13,S1 play_by_play:game:0021900591:event:10:player1,S1 play_by_play:game:0021900591:event:108:player2
banede01,buchash01,GRIZZLIES,2022,0022100496,2021-12-26,S1 play_by_play:game:0022100496:event:13:player1,S1 play_by_play:game:0022100496:event:695:player2
banede01,teskejo01,GRIZZLIES,2022,0022100554,2022-01-03,S1 play_by_play:game:0022100554:event:13:player1,S1 play_by_play:game:0022100554:event:694:player2
bantoda01,johnsda08,RAPTORS,2022,0022100058,2021-10-27,S1 play_by_play:game:0022100058:event:99:player2,S1 play_by_play:game:0022100058:event:692:player2
barbeca01,bogdabo01,HAWKS,2022,0022100488,2021-12-25,S1 play_by_play:game:0022100488:event:617:player2,S1 play_by_play:game:0022100488:event:8:player2
barbeca01,brownch05,HAWKS,2022,0022100502,2021-12-27,S1 play_by_play:game:0022100502:event:148:player2,S1 play_by_play:game:0022100502:event:28:player1
barbeca01,capelca01,HAWKS,2022,0022100488,2021-12-25,S1 play_by_play:game:0022100488:event:617:player2,S1 play_by_play:game:0022100488:event:26:player1
barbeca01,collijo01,HAWKS,2022,0022100488,2021-12-25,S1 play_by_play:game:0022100488:event:617:player2,S1 play_by_play:game:0022100488:event:12:player1
barbeca01,dienggo01,HAWKS,2022,0022100488,2021-12-25,S1 play_by_play:game:0022100488:event:617:player2,S1 play_by_play:game:0022100488:event:91:player2
barbeca01,hillma01,HAWKS,2022,0022100488,2021-12-25,S1 play_by_play:game:0022100488:event:617:player2,S1 play_by_play:game:0022100488:event:616:player2
barbeca01,iwundwe01,HAWKS,2022,0022100519,2021-12-29,S1 play_by_play:game:0022100519:event:556:player2,S1 play_by_play:game:0022100519:event:202:player2
barbeca01,johnsja05,HAWKS,2022,0022100488,2021-12-25,S1 play_by_play:game:0022100488:event:617:player2,S1 play_by_play:game:0022100488:event:89:player2
barbeca01,mayssk01,HAWKS,2022,0022100488,2021-12-25,S1 play_by_play:game:0022100488:event:617:player2,S1 play_by_play:game:0022100488:event:90:player2
barbeca01,oliveca01,HAWKS,2022,0022100519,2021-12-29,S1 play_by_play:game:0022100519:event:556:player2,S1 play_by_play:game:0022100519:event:118:player2
barbeca01,reddica01,HAWKS,2022,0022100488,2021-12-25,S1 play_by_play:game:0022100488:event:617:player2,S1 play_by_play:game:0022100488:event:8:player1
barbeca01,stephla01,HAWKS,2022,0022100488,2021-12-25,S1 play_by_play:game:0022100488:event:617:player2,S1 play_by_play:game:0022100488:event:125:player2
barbeca01,wrighde01,HAWKS,2022,0022100488,2021-12-25,S1 play_by_play:game:0022100488:event:617:player2,S1 play_by_play:game:0022100488:event:32:player1
barbeca01,youngtr01,HAWKS,2022,0022100502,2021-12-27,S1 play_by_play:game:0022100502:event:148:player2,S1 play_by_play:game:0022100502:event:16:player2
barlodo01,halljo02,SPURS,2023,0022200114,2022-11-02,S1 play_by_play:game:0022200114:event:568:player2,S1 play_by_play:game:0022200114:event:199:player2
barneha02,murkead01,KINGS,2022,0022100475,2021-12-22,S1 play_by_play:game:0022100475:event:19:player1,S1 play_by_play:game:0022100475:event:595:player2
barnesc01,johnsda08,RAPTORS,2022,0022100058,2021-10-27,S1 play_by_play:game:0022100058:event:7:player1,S1 play_by_play:game:0022100058:event:692:player2
barrean01,knighbr02,ROCKETS,2005,0020400552,2005-01-17,S1 play_by_play:game:0020400552:event:108:player2,S1 play_by_play:game:0020400552:event:418:player2
barrerj01,hallty01,KNICKS,2022,0022100488,2021-12-25,S1 play_by_play:game:0022100488:event:14:player2,S1 play_by_play:game:0022100488:event:612:player2
barryjo01,knighbr02,ROCKETS,2005,0020400552,2005-01-17,S1 play_by_play:game:0020400552:event:76:player2,S1 play_by_play:game:0020400552:event:418:player2
bassech01,halljo02,SPURS,2023,0022200114,2022-11-02,S1 play_by_play:game:0022200114:event:555:player1,S1 play_by_play:game:0022200114:event:199:player2
bassech01,henryaa01,76ERS,2022,0022100009,2021-10-20,S1 play_by_play:game:0022100009:event:593:player2,S1 play_by_play:game:0022100009:event:592:player2
bateske01,halljo02,SPURS,2023,0022200114,2022-11-02,S1 play_by_play:game:0022200114:event:10:player1,S1 play_by_play:game:0022200114:event:199:player2
bazemke01,brownch05,LAKERS,2022,0022100436,2021-12-17,S1 play_by_play:game:0022100436:event:14:player2,S1 play_by_play:game:0022100436:event:39:player2
beysa01,willido02,HAWKS,2023,0022201182,2023-04-04,S1 play_by_play:game:0022201182:event:21:player1,S1 play_by_play:game:0022201182:event:628:player1
birchkh01,johnsda08,RAPTORS,2022,0022100058,2021-10-27,S1 play_by_play:game:0022100058:event:97:player2,S1 play_by_play:game:0022100058:event:692:player2
blakest01,harriel01,LAKERS,2014,0021300017,2013-10-30,S1 play_by_play:game:0021300017:event:10:player1,S1 play_by_play:game:0021300017:event:457:player2
bledser01,magnawi01,HORNETS-PELICANS,2021,0022000663,2021-03-23,S1 play_by_play:game:0022000663:event:15:player2,S1 play_by_play:game:0022000663:event:631:player2
bogdabo01,brownch05,HAWKS,2022,0022100502,2021-12-27,S1 play_by_play:game:0022100502:event:38:player1,S1 play_by_play:game:0022100502:event:28:player1
bogdabo01,willido02,HAWKS,2023,0022201182,2023-04-04,S1 play_by_play:game:0022201182:event:12:player1,S1 play_by_play:game:0022201182:event:628:player1
bogdabo02,cheatzy01,JAZZ,2022,0022100624,2022-01-12,S1 play_by_play:game:0022100624:event:29:player1,S1 play_by_play:game:0022100624:event:365:player2
bongais01,johnsda08,RAPTORS,2022,0022100058,2021-10-27,S1 play_by_play:game:0022100058:event:683:player2,S1 play_by_play:game:0022100058:event:692:player2
bouchch01,johnsda08,RAPTORS,2022,0022100058,2021-10-27,S1 play_by_play:game:0022100058:event:98:player2,S1 play_by_play:game:0022100058:event:692:player2
bowenry01,knighbr02,ROCKETS,2005,0020400552,2005-01-17,S1 play_by_play:game:0020400552:event:343:player1,S1 play_by_play:game:0020400552:event:418:player2
bowmaky01,norveza01,WARRIORS,2020,0021900783,2020-02-08,S1 play_by_play:game:0021900783:event:7:player2,S1 play_by_play:game:0021900783:event:186:player2
bradlav01,norveza01,LAKERS,2020,0021900025,2019-10-25,S1 play_by_play:game:0021900025:event:10:player1,S1 play_by_play:game:0021900025:event:643:player2
branhma01,halljo02,SPURS,2023,0022200114,2022-11-02,S1 play_by_play:game:0022200114:event:116:player2,S1 play_by_play:game:0022200114:event:199:player2
brissos01,caverah01,PACERS,2022,0022100571,2022-01-05,S1 play_by_play:game:0022100571:event:106:player2,S1 play_by_play:game:0022100571:event:637:player2
brookdi01,teskejo01,GRIZZLIES,2022,0022100579,2022-01-06,S1 play_by_play:game:0022100579:event:9:player1,S1 play_by_play:game:0022100579:event:676:player2
brownch02,henryaa01,76ERS,2022,0022100711,2022-01-10,S1 play_by_play:game:0022100711:event:142:player2,S1 play_by_play:game:0022100711:event:606:player2
brownch05,capelca01,HAWKS,2022,0022100502,2021-12-27,S1 play_by_play:game:0022100502:event:28:player1,S1 play_by_play:game:0022100502:event:8:player1
brownch05,davisan02,LAKERS,2022,0022100436,2021-12-17,S1 play_by_play:game:0022100436:event:39:player2,S1 play_by_play:game:0022100436:event:12:player1
brownch05,dienggo01,HAWKS,2022,0022100502,2021-12-27,S1 play_by_play:game:0022100502:event:28:player1,S1 play_by_play:game:0022100502:event:98:player2
brownch05,ellinwa01,LAKERS,2022,0022100436,2021-12-17,S1 play_by_play:game:0022100436:event:39:player2,S1 play_by_play:game:0022100436:event:28:player1
brownch05,hillma01,HAWKS,2022,0022100502,2021-12-27,S1 play_by_play:game:0022100502:event:28:player1,S1 play_by_play:game:0022100502:event:420:player2
brownch05,huffja01,LAKERS,2022,0022100436,2021-12-17,S1 play_by_play:game:0022100436:event:39:player2,S1 play_by_play:game:0022100436:event:665:player2
brownch05,iwundwe01,HAWKS,2022,0022100519,2021-12-29,S1 play_by_play:game:0022100519:event:7:player1,S1 play_by_play:game:0022100519:event:202:player2
brownch05,jamesle01,LAKERS,2022,0022100436,2021-12-17,S1 play_by_play:game:0022100436:event:39:player2,S1 play_by_play:game:0022100436:event:7:player1
brownch05,jordade01,LAKERS,2022,0022100436,2021-12-17,S1 play_by_play:game:0022100436:event:39:player2,S1 play_by_play:game:0022100436:event:271:player2
brownch05,mayssk01,HAWKS,2022,0022100502,2021-12-27,S1 play_by_play:game:0022100502:event:28:player1,S1 play_by_play:game:0022100502:event:87:player2
brownch05,oliveca01,HAWKS,2022,0022100519,2021-12-29,S1 play_by_play:game:0022100519:event:7:player1,S1 play_by_play:game:0022100519:event:118:player2
brownch05,reddica01,HAWKS,2022,0022100502,2021-12-27,S1 play_by_play:game:0022100502:event:28:player1,S1 play_by_play:game:0022100502:event:21:player1
brownch05,rondora01,LAKERS,2022,0022100436,2021-12-17,S1 play_by_play:game:0022100436:event:39:player2,S1 play_by_play:game:0022100436:event:87:player2
brownch05,stephla01,HAWKS,2022,0022100502,2021-12-27,S1 play_by_play:game:0022100502:event:28:player1,S1 play_by_play:game:0022100502:event:163:player1
brownch05,thomais02,LAKERS,2022,0022100436,2021-12-17,S1 play_by_play:game:0022100436:event:39:player2,S1 play_by_play:game:0022100436:event:205:player2
brownch05,westbru01,LAKERS,2022,0022100436,2021-12-17,S1 play_by_play:game:0022100436:event:39:player2,S1 play_by_play:game:0022100436:event:45:player2
brownch05,youngtr01,HAWKS,2022,0022100502,2021-12-27,S1 play_by_play:game:0022100502:event:28:player1,S1 play_by_play:game:0022100502:event:16:player2
browngr01,cumbeja01,TRAIL BLAZERS,2022,0022100506,2021-12-27,S1 play_by_play:game:0022100506:event:107:player2,S1 play_by_play:game:0022100506:event:629:player2
browngr01,mcgrica01,TRAIL BLAZERS,2022,0022100506,2021-12-27,S1 play_by_play:game:0022100506:event:107:player2,S1 play_by_play:game:0022100506:event:175:player2
bryanel01,connapa01,BUCKS,2021,0022001068,2021-05-16,S1 play_by_play:game:0022001068:event:70:player2,S1 play_by_play:game:0022001068:event:14:player2
bryanel01,diakima01,BUCKS,2021,0022001068,2021-05-16,S1 play_by_play:game:0022001068:event:70:player2,S1 play_by_play:game:0022001068:event:12:player1
bryanel01,divindo01,BUCKS,2021,0042000122,2021-05-24,S1 play_by_play:game:0042000122:event:624:player2,S1 play_by_play:game:0042000122:event:10:player1
bryanel01,forbebr01,BUCKS,2021,0042000122,2021-05-24,S1 play_by_play:game:0042000122:event:624:player2,S1 play_by_play:game:0042000122:event:58:player2
bryanel01,holidjr01,BUCKS,2021,0042000122,2021-05-24,S1 play_by_play:game:0042000122:event:624:player2,S1 play_by_play:game:0042000122:event:12:player2
bryanel01,jacksju01,BUCKS,2021,0022001068,2021-05-16,S1 play_by_play:game:0022001068:event:70:player2,S1 play_by_play:game:0022001068:event:69:player2
bryanel01,lopezbr01,BUCKS,2021,0042000122,2021-05-24,S1 play_by_play:game:0042000122:event:624:player2,S1 play_by_play:game:0042000122:event:18:player1
bryanel01,merrisa01,BUCKS,2021,0022001068,2021-05-16,S1 play_by_play:game:0022001068:event:70:player2,S1 play_by_play:game:0022001068:event:8:player1
bryanel01,middlkh01,BUCKS,2021,0042000122,2021-05-24,S1 play_by_play:game:0042000122:event:624:player2,S1 play_by_play:game:0042000122:event:7:player1
bryanel01,nworajo01,BUCKS,2021,0022001068,2021-05-16,S1 play_by_play:game:0022001068:event:70:player2,S1 play_by_play:game:0022001068:event:48:player2
bryanel01,portibo01,BUCKS,2021,0042000122,2021-05-24,S1 play_by_play:game:0042000122:event:624:player2,S1 play_by_play:game:0042000122:event:100:player2
bryanel01,teaguje01,BUCKS,2021,0022001068,2021-05-16,S1 play_by_play:game:0022001068:event:70:player2,S1 play_by_play:game:0022001068:event:23:player1
bryanel01,toupaax01,BUCKS,2021,0042000122,2021-05-24,S1 play_by_play:game:0042000122:event:624:player2,S1 play_by_play:game:0042000122:event:657:player2
bryanel01,tuckepj01,BUCKS,2021,0042000122,2021-05-24,S1 play_by_play:game:0042000122:event:624:player2,S1 play_by_play:game:0042000122:event:80:player2
buchash01,clarkbr01,GRIZZLIES,2022,0022100496,2021-12-26,S1 play_by_play:game:0022100496:event:695:player2,S1 play_by_play:game:0022100496:event:182:player3
buchash01,jacksja02,GRIZZLIES,2022,0022100496,2021-12-26,S1 play_by_play:game:0022100496:event:695:player2,S1 play_by_play:game:0022100496:event:22:player1
buchash01,jonesty01,GRIZZLIES,2022,0022100496,2021-12-26,S1 play_by_play:game:0022100496:event:695:player2,S1 play_by_play:game:0022100496:event:120:player2
buchash01,konchjo01,GRIZZLIES,2022,0022100496,2021-12-26,S1 play_by_play:game:0022100496:event:695:player2,S1 play_by_play:game:0022100496:event:11:player1
buchash01,moranja01,GRIZZLIES,2022,0022100496,2021-12-26,S1 play_by_play:game:0022100496:event:695:player2,S1 play_by_play:game:0022100496:event:7:player1
buchash01,terryty01,GRIZZLIES,2022,0022100496,2021-12-26,S1 play_by_play:game:0022100496:event:695:player2,S1 play_by_play:game:0022100496:event:694:player2
buchash01,tilliki02,GRIZZLIES,2022,0022100496,2021-12-26,S1 play_by_play:game:0022100496:event:695:player2,S1 play_by_play:game:0022100496:event:64:player2
buchash01,tillmxa01,GRIZZLIES,2022,0022100496,2021-12-26,S1 play_by_play:game:0022100496:event:695:player2,S1 play_by_play:game:0022100496:event:92:player2
burksal01,hallty01,KNICKS,2022,0022100488,2021-12-25,S1 play_by_play:game:0022100488:event:123:player2,S1 play_by_play:game:0022100488:event:612:player2
butlejo01,comanch01,TRAIL BLAZERS,2023,0022201230,2023-04-09,S1 play_by_play:game:0022201230:event:86:player2,S1 play_by_play:game:0022201230:event:124:player2
caldwke01,norveza01,LAKERS,2020,0021900025,2019-10-25,S1 play_by_play:game:0021900025:event:76:player2,S1 play_by_play:game:0021900025:event:643:player2
capelca01,willido02,HAWKS,2023,0022201182,2023-04-04,S1 play_by_play:game:0022201182:event:15:player1,S1 play_by_play:game:0022201182:event:628:player1
carteje01,nba:1630492,BUCKS,2022,0042100123,2022-04-22,S1 play_by_play:game:0042100123:event:84:player2,S1 play_by_play:game:0042100123:event:502:player2
carusal01,norveza01,LAKERS,2020,0021900025,2019-10-25,S1 play_by_play:game:0021900025:event:363:player1,S1 play_by_play:game:0021900025:event:643:player2
caulewi01,dukandu01,KINGS,2016,0021501224,2016-04-13,S1 play_by_play:game:0021501224:event:14:player1,S1 play_by_play:game:0021501224:event:55:player2
caverah01,hintona01,PACERS,2022,0022100571,2022-01-05,S1 play_by_play:game:0022100571:event:637:player2,S1 play_by_play:game:0022100571:event:638:player2
caverah01,holidju01,PACERS,2022,0022100571,2022-01-05,S1 play_by_play:game:0022100571:event:637:player2,S1 play_by_play:game:0022100571:event:36:player1
caverah01,sabondo01,PACERS,2022,0022100571,2022-01-05,S1 play_by_play:game:0022100571:event:637:player2,S1 play_by_play:game:0022100571:event:13:player1
caverah01,stephla01,PACERS,2022,0022100571,2022-01-05,S1 play_by_play:game:0022100571:event:637:player2,S1 play_by_play:game:0022100571:event:80:player2
caverah01,sykeske01,PACERS,2022,0022100571,2022-01-05,S1 play_by_play:game:0022100571:event:637:player2,S1 play_by_play:game:0022100571:event:10:player1
caverah01,taylote01,PACERS,2022,0022100571,2022-01-05,S1 play_by_play:game:0022100571:event:637:player2,S1 play_by_play:game:0022100571:event:639:player2
caverah01,turnemy01,PACERS,2022,0022100571,2022-01-05,S1 play_by_play:game:0022100571:event:637:player2,S1 play_by_play:game:0022100571:event:18:player1
caverah01,washidu02,PACERS,2022,0022100571,2022-01-05,S1 play_by_play:game:0022100571:event:637:player2,S1 play_by_play:game:0022100571:event:49:player1
champju01,johnsda08,RAPTORS,2022,0022100058,2021-10-27,S1 play_by_play:game:0022100058:event:662:player2,S1 play_by_play:game:0022100058:event:692:player2
champju02,fostemi02,76ERS,2023,0022200256,2022-11-22,S1 play_by_play:game:0022200256:event:629:player2,S1 play_by_play:game:0022200256:event:638:player2
cheatzy01,clarkjo01,JAZZ,2022,0022100624,2022-01-12,S1 play_by_play:game:0022100624:event:365:player2,S1 play_by_play:game:0022100624:event:54:player2
cheatzy01,conlemi01,JAZZ,2022,0022100624,2022-01-12,S1 play_by_play:game:0022100624:event:365:player2,S1 play_by_play:game:0022100624:event:16:player1
cheatzy01,forretr01,JAZZ,2022,0022100624,2022-01-12,S1 play_by_play:game:0022100624:event:365:player2,S1 play_by_play:game:0022100624:event:171:player2
cheatzy01,grayjo01,HORNETS-PELICANS,2020,0021900187,2019-11-17,S1 play_by_play:game:0021900187:event:103:player2,S1 play_by_play:game:0021900187:event:172:player1
cheatzy01,hartjo01,HORNETS-PELICANS,2020,0021900591,2020-01-13,S1 play_by_play:game:0021900591:event:108:player2,S1 play_by_play:game:0021900591:event:9:player1
cheatzy01,hayesja02,HORNETS-PELICANS,2020,0021900187,2019-11-17,S1 play_by_play:game:0021900187:event:103:player2,S1 play_by_play:game:0021900187:event:12:player1
cheatzy01,holidjr01,HORNETS-PELICANS,2020,0021900187,2019-11-17,S1 play_by_play:game:0021900187:event:103:player2,S1 play_by_play:game:0021900187:event:7:player2
cheatzy01,inglejo01,JAZZ,2022,0022100624,2022-01-12,S1 play_by_play:game:0022100624:event:365:player2,S1 play_by_play:game:0022100624:event:15:player1
cheatzy01,jacksfr01,HORNETS-PELICANS,2020,0021900591,2020-01-13,S1 play_by_play:game:0021900591:event:108:player2,S1 play_by_play:game:0021900591:event:87:player2
cheatzy01,mellini01,HORNETS-PELICANS,2020,0021900187,2019-11-17,S1 play_by_play:game:0021900187:event:103:player2,S1 play_by_play:game:0021900187:event:86:player2
cheatzy01,mitchdo01,JAZZ,2022,0022100624,2022-01-12,S1 play_by_play:game:0022100624:event:365:player2,S1 play_by_play:game:0022100624:event:7:player1
cheatzy01,mooreet01,HORNETS-PELICANS,2020,0021900187,2019-11-17,S1 play_by_play:game:0021900187:event:103:player2,S1 play_by_play:game:0021900187:event:28:player1
cheatzy01,okafoja01,HORNETS-PELICANS,2020,0021900591,2020-01-13,S1 play_by_play:game:0021900591:event:108:player2,S1 play_by_play:game:0021900591:event:7:player1
cheatzy01,onealro01,JAZZ,2022,0022100624,2022-01-12,S1 play_by_play:game:0022100624:event:365:player2,S1 play_by_play:game:0022100624:event:14:player1
cheatzy01,pascher01,JAZZ,2022,0022100624,2022-01-12,S1 play_by_play:game:0022100624:event:365:player2,S1 play_by_play:game:0022100624:event:55:player2
cheatzy01,redicjj01,HORNETS-PELICANS,2020,0021900187,2019-11-17,S1 play_by_play:game:0021900187:event:103:player2,S1 play_by_play:game:0021900187:event:7:player1
cheatzy01,thornsi01,HORNETS-PELICANS,2020,0021901312,2020-08-13,S1 play_by_play:game:0021901312:event:235:player1,S1 play_by_play:game:0021901312:event:94:player2
cheatzy01,valende01,JAZZ,2022,0022100624,2022-01-12,S1 play_by_play:game:0022100624:event:365:player2,S1 play_by_play:game:0022100624:event:85:player2
cheatzy01,willike04,HORNETS-PELICANS,2020,0021900187,2019-11-17,S1 play_by_play:game:0021900187:event:103:player2,S1 play_by_play:game:0021900187:event:29:player1
chrisma01,norveza01,WARRIORS,2020,0021900783,2020-02-08,S1 play_by_play:game:0021900783:event:7:player1,S1 play_by_play:game:0021900783:event:186:player2
clarkbr01,teskejo01,GRIZZLIES,2022,0022100554,2022-01-03,S1 play_by_play:game:0022100554:event:95:player2,S1 play_by_play:game:0022100554:event:694:player2
collija04,sypa01,HAWKS,2011,0041000202,2011-05-04,S1 play_by_play:game:0041000202:event:225:player2,S1 play_by_play:game:0041000202:event:505:player2
collija04,zimmede01,NETS,2006,0020501220,2006-04-19,S1 play_by_play:game:0020501220:event:2:player1,S1 play_by_play:game:0020501220:event:81:player2
collijo01,willido02,HAWKS,2023,0022201182,2023-04-04,S1 play_by_play:game:0022201182:event:7:player1,S1 play_by_play:game:0022201182:event:628:player1
colliza01,halljo02,SPURS,2023,0022200114,2022-11-02,S1 play_by_play:game:0022200114:event:76:player2,S1 play_by_play:game:0022200114:event:199:player2
comanch01,knoxke01,TRAIL BLAZERS,2023,0022201230,2023-04-09,S1 play_by_play:game:0022201230:event:124:player2,S1 play_by_play:game:0022201230:event:75:player1
comanch01,mayssk01,TRAIL BLAZERS,2023,0022201230,2023-04-09,S1 play_by_play:game:0022201230:event:124:player2,S1 play_by_play:game:0022201230:event:21:player1
comanch01,minayju01,TRAIL BLAZERS,2023,0022201230,2023-04-09,S1 play_by_play:game:0022201230:event:124:player2,S1 play_by_play:game:0022201230:event:125:player2
comanch01,sharpsh01,TRAIL BLAZERS,2023,0022201230,2023-04-09,S1 play_by_play:game:0022201230:event:124:player2,S1 play_by_play:game:0022201230:event:10:player1
comanch01,walkeja01,TRAIL BLAZERS,2023,0022201230,2023-04-09,S1 play_by_play:game:0022201230:event:124:player2,S1 play_by_play:game:0022201230:event:87:player2
comanch01,watfotr01,TRAIL BLAZERS,2023,0022201230,2023-04-09,S1 play_by_play:game:0022201230:event:124:player2,S1 play_by_play:game:0022201230:event:10:player2
comanch01,willije02,TRAIL BLAZERS,2023,0022201230,2023-04-09,S1 play_by_play:game:0022201230:event:124:player2,S1 play_by_play:game:0022201230:event:30:player1
connapa01,delauja01,BUCKS,2022,0022100539,2022-01-01,S1 play_by_play:game:0022100539:event:9:player1,S1 play_by_play:game:0022100539:event:669:player2
connapa01,kalaige01,BUCKS,2022,0022100001,2021-10-19,S1 play_by_play:game:0022100001:event:52:player2,S1 play_by_play:game:0022100001:event:674:player2
connapa01,nba:1630492,BUCKS,2022,0042100123,2022-04-22,S1 play_by_play:game:0042100123:event:96:player3,S1 play_by_play:game:0042100123:event:502:player2
cookqu01,norveza01,LAKERS,2020,0021900025,2019-10-25,S1 play_by_play:game:0021900025:event:94:player2,S1 play_by_play:game:0021900025:event:643:player2
couside01,delauja01,BUCKS,2022,0022100539,2022-01-01,S1 play_by_play:game:0022100539:event:76:player2,S1 play_by_play:game:0022100539:event:669:player2
crawfja01,sypa01,HAWKS,2011,0021001188,2011-04-09,S1 play_by_play:game:0021001188:event:65:player2,S1 play_by_play:game:0021001188:event:419:player2
culveja01,teskejo01,GRIZZLIES,2022,0022100554,2022-01-03,S1 play_by_play:game:0022100554:event:63:player2,S1 play_by_play:game:0022100554:event:694:player2
cumbeja01,ellebcj01,TRAIL BLAZERS,2022,0022100506,2021-12-27,S1 play_by_play:game:0022100506:event:629:player2,S1 play_by_play:game:0022100506:event:80:player2
cumbeja01,lillada01,TRAIL BLAZERS,2022,0022100506,2021-12-27,S1 play_by_play:game:0022100506:event:629:player2,S1 play_by_play:game:0022100506:event:38:player1
cumbeja01,littlna01,TRAIL BLAZERS,2022,0022100506,2021-12-27,S1 play_by_play:game:0022100506:event:629:player2,S1 play_by_play:game:0022100506:event:17:player3
cumbeja01,mcgrica01,TRAIL BLAZERS,2022,0022100506,2021-12-27,S1 play_by_play:game:0022100506:event:629:player2,S1 play_by_play:game:0022100506:event:175:player2
cumbeja01,mclembe01,TRAIL BLAZERS,2022,0022100538,2021-12-31,S1 play_by_play:game:0022100538:event:643:player2,S1 play_by_play:game:0022100538:event:42:player2
cumbeja01,nancela02,TRAIL BLAZERS,2022,0022100506,2021-12-27,S1 play_by_play:game:0022100506:event:629:player2,S1 play_by_play:game:0022100506:event:9:player2
cumbeja01,perryre01,TRAIL BLAZERS,2022,0022100523,2021-12-29,S1 play_by_play:game:0022100523:event:652:player2,S1 play_by_play:game:0022100523:event:89:player2
cumbeja01,powelno01,TRAIL BLAZERS,2022,0022100506,2021-12-27,S1 play_by_play:game:0022100506:event:629:player2,S1 play_by_play:game:0022100506:event:9:player1
cumbeja01,simonan01,TRAIL BLAZERS,2022,0022100506,2021-12-27,S1 play_by_play:game:0022100506:event:629:player2,S1 play_by_play:game:0022100506:event:119:player2
cumbeja01,smithde03,TRAIL BLAZERS,2022,0022100538,2021-12-31,S1 play_by_play:game:0022100538:event:643:player2,S1 play_by_play:game:0022100538:event:115:player2
cumbeja01,snellto01,TRAIL BLAZERS,2022,0022100506,2021-12-27,S1 play_by_play:game:0022100506:event:629:player2,S1 play_by_play:game:0022100506:event:80:player1
cumbeja01,willibr03,TRAIL BLAZERS,2022,0022100506,2021-12-27,S1 play_by_play:game:0022100506:event:629:player2,S1 play_by_play:game:0022100506:event:620:player2
curryse01,dukandu01,KINGS,2016,0021501224,2016-04-13,S1 play_by_play:game:0021501224:event:5:player1,S1 play_by_play:game:0021501224:event:55:player2
curryse01,henryaa01,76ERS,2022,0022100009,2021-10-20,S1 play_by_play:game:0022100009:event:21:player1,S1 play_by_play:game:0022100009:event:592:player2
daniema01,lafayol01,CELTICS,2010,0020901218,2010-04-14,S1 play_by_play:game:0020901218:event:19:player1,S1 play_by_play:game:0020901218:event:117:player2
danietr01,norveza01,LAKERS,2020,0021900025,2019-10-25,S1 play_by_play:game:0021900025:event:115:player2,S1 play_by_play:game:0021900025:event:643:player2
davisan02,norveza01,LAKERS,2020,0021900025,2019-10-25,S1 play_by_play:game:0021900025:event:11:player1,S1 play_by_play:game:0021900025:event:643:player2
davisgl01,lafayol01,CELTICS,2010,0020901218,2010-04-14,S1 play_by_play:game:0020901218:event:3:player1,S1 play_by_play:game:0020901218:event:117:player2
dekkesa01,johnsda08,RAPTORS,2022,0022100058,2021-10-27,S1 play_by_play:game:0022100058:event:684:player2,S1 play_by_play:game:0022100058:event:692:player2
delauja01,hillge01,BUCKS,2022,0022100539,2022-01-01,S1 play_by_play:game:0022100539:event:669:player2,S1 play_by_play:game:0022100539:event:105:player2
delauja01,holidjr01,BUCKS,2022,0022100539,2022-01-01,S1 play_by_play:game:0022100539:event:669:player2,S1 play_by_play:game:0022100539:event:19:player2
delauja01,hoodro01,BUCKS,2022,0022100539,2022-01-01,S1 play_by_play:game:0022100539:event:669:player2,S1 play_by_play:game:0022100539:event:106:player2
delauja01,mamuksa01,BUCKS,2022,0022100539,2022-01-01,S1 play_by_play:game:0022100539:event:669:player2,S1 play_by_play:game:0022100539:event:665:player2
delauja01,matthwe02,BUCKS,2022,0022100539,2022-01-01,S1 play_by_play:game:0022100539:event:669:player2,S1 play_by_play:game:0022100539:event:77:player2
delauja01,nworajo01,BUCKS,2022,0022100539,2022-01-01,S1 play_by_play:game:0022100539:event:669:player2,S1 play_by_play:game:0022100539:event:203:player2
delauja01,portibo01,BUCKS,2022,0022100539,2022-01-01,S1 play_by_play:game:0022100539:event:669:player2,S1 play_by_play:game:0022100539:event:24:player1
delauja01,smartja01,BUCKS,2022,0022100539,2022-01-01,S1 play_by_play:game:0022100539:event:669:player2,S1 play_by_play:game:0022100539:event:664:player2
dienggo01,halljo02,SPURS,2023,0022200114,2022-11-02,S1 play_by_play:game:0022200114:event:415:player2,S1 play_by_play:game:0022200114:event:199:player2
dortlu01,edwarro01,THUNDER,2022,0022100522,2021-12-29,S1 play_by_play:game:0022100522:event:9:player1,S1 play_by_play:game:0022100522:event:636:player2
dotsoda01,garrebi01,KNICKS,2019,0021801166,2019-04-03,S1 play_by_play:game:0021801166:event:18:player1,S1 play_by_play:game:0021801166:event:145:player2
drumman01,henryaa01,76ERS,2022,0022100009,2021-10-20,S1 play_by_play:game:0022100009:event:113:player2,S1 play_by_play:game:0022100009:event:592:player2
dudleja01,norveza01,LAKERS,2020,0021900025,2019-10-25,S1 play_by_play:game:0021900025:event:223:player1,S1 play_by_play:game:0021900025:event:643:player2
dukandu01,koufoko01,KINGS,2016,0021501224,2016-04-13,S1 play_by_play:game:0021501224:event:55:player2,S1 play_by_play:game:0021501224:event:2:player1
dukandu01,mclembe01,KINGS,2016,0021501224,2016-04-13,S1 play_by_play:game:0021501224:event:55:player2,S1 play_by_play:game:0021501224:event:12:player2
dukandu01,moreler01,KINGS,2016,0021501224,2016-04-13,S1 play_by_play:game:0021501224:event:55:player2,S1 play_by_play:game:0021501224:event:83:player2
edwarro01,favorde01,THUNDER,2022,0022100522,2021-12-29,S1 play_by_play:game:0022100522:event:636:player2,S1 play_by_play:game:0022100522:event:116:player2
edwarro01,giddejo01,THUNDER,2022,0022100550,2022-01-02,S1 play_by_play:game:0022100550:event:87:player2,S1 play_by_play:game:0022100550:event:14:player2
edwarro01,hoardja01,THUNDER,2022,0022100522,2021-12-29,S1 play_by_play:game:0022100522:event:636:player2,S1 play_by_play:game:0022100522:event:637:player2
edwarro01,hopsosc01,THUNDER,2022,0022100522,2021-12-29,S1 play_by_play:game:0022100522:event:636:player2,S1 play_by_play:game:0022100522:event:150:player1
edwarro01,jeromty01,THUNDER,2022,0022100522,2021-12-29,S1 play_by_play:game:0022100522:event:636:player2,S1 play_by_play:game:0022100522:event:15:player2
edwarro01,maledth01,THUNDER,2022,0022100522,2021-12-29,S1 play_by_play:game:0022100522:event:636:player2,S1 play_by_play:game:0022100522:event:81:player2
edwarro01,muscami01,THUNDER,2022,0022100522,2021-12-29,S1 play_by_play:game:0022100522:event:636:player2,S1 play_by_play:game:0022100522:event:186:player2
edwarro01,pokusal01,THUNDER,2022,0022100550,2022-01-02,S1 play_by_play:game:0022100550:event:87:player2,S1 play_by_play:game:0022100550:event:12:player1
edwarro01,robyis01,THUNDER,2022,0022100522,2021-12-29,S1 play_by_play:game:0022100522:event:636:player2,S1 play_by_play:game:0022100522:event:17:player1
edwarro01,sarrol01,THUNDER,2022,0022100522,2021-12-29,S1 play_by_play:game:0022100522:event:636:player2,S1 play_by_play:game:0022100522:event:633:player2
edwarro01,watsopa01,THUNDER,2022,0022100522,2021-12-29,S1 play_by_play:game:0022100522:event:636:player2,S1 play_by_play:game:0022100522:event:8:player1
edwarro01,wiggiaa01,THUNDER,2022,0022100522,2021-12-29,S1 play_by_play:game:0022100522:event:636:player2,S1 play_by_play:game:0022100522:event:23:player1
edwarro01,willike04,THUNDER,2022,0022100522,2021-12-29,S1 play_by_play:game:0022100522:event:636:player2,S1 play_by_play:game:0022100522:event:59:player2
ellebcj01,mcgrica01,TRAIL BLAZERS,2022,0022100506,2021-12-27,S1 play_by_play:game:0022100506:event:80:player2,S1 play_by_play:game:0022100506:event:175:player2
ellenhe01,garrebi01,KNICKS,2019,0021801166,2019-04-03,S1 play_by_play:game:0021801166:event:157:player2,S1 play_by_play:game:0021801166:event:145:player2
embiijo01,henryaa01,76ERS,2022,0022100009,2021-10-20,S1 play_by_play:game:0022100009:event:7:player1,S1 play_by_play:game:0022100009:event:592:player2
fallta01,scotttr01,CAVALIERS,2022,0022100471,2021-12-22,S1 play_by_play:game:0022100471:event:33:player1,S1 play_by_play:game:0022100471:event:668:player2
farmajo01,harriel01,LAKERS,2014,0021300017,2013-10-30,S1 play_by_play:game:0021300017:event:76:player2,S1 play_by_play:game:0021300017:event:457:player2
fernabr01,willido02,HAWKS,2023,0022201182,2023-04-04,S1 play_by_play:game:0022201182:event:604:player1,S1 play_by_play:game:0022201182:event:628:player1
finlemi01,lafayol01,CELTICS,2010,0020901218,2010-04-14,S1 play_by_play:game:0020901218:event:17:player1,S1 play_by_play:game:0020901218:event:117:player2
flynnma01,johnsda08,RAPTORS,2022,0022100058,2021-10-27,S1 play_by_play:game:0022100058:event:663:player2,S1 play_by_play:game:0022100058:event:692:player2
forretr01,willido02,HAWKS,2023,0022201182,2023-04-04,S1 play_by_play:game:0022201182:event:114:player2,S1 play_by_play:game:0022201182:event:628:player1
fostemi02,harremo01,76ERS,2023,0022200256,2022-11-22,S1 play_by_play:game:0022200256:event:638:player2,S1 play_by_play:game:0022200256:event:16:player1
fostemi02,harrito02,76ERS,2023,0022200256,2022-11-22,S1 play_by_play:game:0022200256:event:638:player2,S1 play_by_play:game:0022200256:event:15:player1
fostemi02,houseda01,76ERS,2023,0022200256,2022-11-22,S1 play_by_play:game:0022200256:event:638:player2,S1 play_by_play:game:0022200256:event:158:player1
fostemi02,korkmfu01,76ERS,2023,0022200256,2022-11-22,S1 play_by_play:game:0022200256:event:638:player2,S1 play_by_play:game:0022200256:event:69:player2
fostemi02,meltode01,76ERS,2023,0022200256,2022-11-22,S1 play_by_play:game:0022200256:event:638:player2,S1 play_by_play:game:0022200256:event:19:player1
fostemi02,miltosh01,76ERS,2023,0022200256,2022-11-22,S1 play_by_play:game:0022200256:event:638:player2,S1 play_by_play:game:0022200256:event:25:player1
fostemi02,niangge01,76ERS,2023,0022200256,2022-11-22,S1 play_by_play:game:0022200256:event:638:player2,S1 play_by_play:game:0022200256:event:89:player2
fostemi02,reedpa01,76ERS,2023,0022200256,2022-11-22,S1 play_by_play:game:0022200256:event:638:player2,S1 play_by_play:game:0022200256:event:88:player2
fostemi02,thybuma01,76ERS,2023,0022200256,2022-11-22,S1 play_by_play:game:0022200256:event:638:player2,S1 play_by_play:game:0022200256:event:234:player2
fostemi02,tuckepj01,76ERS,2023,0022200256,2022-11-22,S1 play_by_play:game:0022200256:event:638:player2,S1 play_by_play:game:0022200256:event:10:player1
fournev01,hallty01,KNICKS,2022,0022100488,2021-12-25,S1 play_by_play:game:0022100488:event:13:player1,S1 play_by_play:game:0022100488:event:612:player2
frazime01,kalaige01,THUNDER,2022,0022101194,2022-04-06,S1 play_by_play:game:0022101194:event:114:player2,S1 play_by_play:game:0022101194:event:33:player1
frazime01,simpsza01,THUNDER,2022,0022101194,2022-04-06,S1 play_by_play:game:0022101194:event:114:player2,S1 play_by_play:game:0022101194:event:16:player1
gabriwe01,magnawi01,HORNETS-PELICANS,2021,0022000663,2021-03-23,S1 play_by_play:game:0022000663:event:648:player2,S1 play_by_play:game:0022000663:event:631:player2
garlada01,scotttr01,CAVALIERS,2022,0022100471,2021-12-22,S1 play_by_play:game:0022100471:event:11:player1,S1 play_by_play:game:0022100471:event:668:player2
garrebi01,hezonma01,KNICKS,2019,0021801166,2019-04-03,S1 play_by_play:game:0021801166:event:145:player2,S1 play_by_play:game:0021801166:event:11:player1
garrebi01,hicksis01,KNICKS,2019,0021801213,2019-04-09,S1 play_by_play:game:0021801213:event:109:player2,S1 play_by_play:game:0021801213:event:170:player1
garrebi01,jenkijo01,KNICKS,2019,0021801166,2019-04-03,S1 play_by_play:game:0021801166:event:145:player2,S1 play_by_play:game:0021801166:event:114:player2
garrebi01,knoxke01,KNICKS,2019,0021801166,2019-04-03,S1 play_by_play:game:0021801166:event:145:player2,S1 play_by_play:game:0021801166:event:33:player1
garrebi01,kornelu01,KNICKS,2019,0021801166,2019-04-03,S1 play_by_play:game:0021801166:event:145:player2,S1 play_by_play:game:0021801166:event:115:player2
garrebi01,mudiaem01,KNICKS,2019,0021801166,2019-04-03,S1 play_by_play:game:0021801166:event:145:player2,S1 play_by_play:game:0021801166:event:10:player1
garrebi01,robinmi01,KNICKS,2019,0021801166,2019-04-03,S1 play_by_play:game:0021801166:event:145:player2,S1 play_by_play:game:0021801166:event:12:player1
garrebi01,smithde03,KNICKS,2019,0021801213,2019-04-09,S1 play_by_play:game:0021801213:event:109:player2,S1 play_by_play:game:0021801213:event:10:player1
garrebi01,thomala01,KNICKS,2019,0021801166,2019-04-03,S1 play_by_play:game:0021801166:event:145:player2,S1 play_by_play:game:0021801166:event:78:player2
gasolpa01,harriel01,LAKERS,2014,0021300017,2013-10-30,S1 play_by_play:game:0021300017:event:7:player1,S1 play_by_play:game:0021300017:event:457:player2
gibsota01,hallty01,KNICKS,2022,0022100488,2021-12-25,S1 play_by_play:game:0022100488:event:124:player2,S1 play_by_play:game:0022100488:event:612:player2
greenda02,henryaa01,76ERS,2022,0022100009,2021-10-20,S1 play_by_play:game:0022100009:event:105:player1,S1 play_by_play:game:0022100009:event:592:player2
greenda02,norveza01,LAKERS,2020,0021900025,2019-10-25,S1 play_by_play:game:0021900025:event:7:player1,S1 play_by_play:game:0021900025:event:643:player2
greendr01,norveza01,WARRIORS,2020,0021900800,2020-02-10,S1 play_by_play:game:0021900800:event:7:player2,S1 play_by_play:game:0021900800:event:205:player2
griffaj01,willido02,HAWKS,2023,0022201182,2023-04-04,S1 play_by_play:game:0022201182:event:58:player2,S1 play_by_play:game:0022201182:event:628:player1
grimequ01,hallty01,KNICKS,2022,0022100488,2021-12-25,S1 play_by_play:game:0022100488:event:88:player2,S1 play_by_play:game:0022100488:event:612:player2
halibty01,murkead01,KINGS,2022,0022100475,2021-12-22,S1 play_by_play:game:0022100475:event:9:player1,S1 play_by_play:game:0022100475:event:595:player2
halljo02,johnske04,SPURS,2023,0022200138,2022-11-05,S1 play_by_play:game:0022200138:event:571:player2,S1 play_by_play:game:0022200138:event:7:player1
halljo02,jonestr01,SPURS,2023,0022200114,2022-11-02,S1 play_by_play:game:0022200114:event:199:player2,S1 play_by_play:game:0022200114:event:14:player1
halljo02,langfro01,SPURS,2023,0022200114,2022-11-02,S1 play_by_play:game:0022200114:event:199:player2,S1 play_by_play:game:0022200114:event:7:player1
halljo02,mcderdo01,SPURS,2023,0022200114,2022-11-02,S1 play_by_play:game:0022200114:event:199:player2,S1 play_by_play:game:0022200114:event:75:player2
halljo02,poeltja01,SPURS,2023,0022200114,2022-11-02,S1 play_by_play:game:0022200114:event:199:player2,S1 play_by_play:game:0022200114:event:11:player1
halljo02,richajo01,SPURS,2023,0022200114,2022-11-02,S1 play_by_play:game:0022200114:event:199:player2,S1 play_by_play:game:0022200114:event:99:player2
halljo02,robyis01,SPURS,2023,0022200138,2022-11-05,S1 play_by_play:game:0022200138:event:571:player2,S1 play_by_play:game:0022200138:event:108:player2
halljo02,sochaje01,SPURS,2023,0022200114,2022-11-02,S1 play_by_play:game:0022200114:event:199:player2,S1 play_by_play:game:0022200114:event:37:player1
halljo02,vassede01,SPURS,2023,0022200138,2022-11-05,S1 play_by_play:game:0022200138:event:571:player2,S1 play_by_play:game:0022200138:event:42:player2
hallty01,moonema01,KNICKS,2022,0022100488,2021-12-25,S1 play_by_play:game:0022100488:event:612:player2,S1 play_by_play:game:0022100488:event:611:player2
hallty01,randlju01,KNICKS,2022,0022100488,2021-12-25,S1 play_by_play:game:0022100488:event:612:player2,S1 play_by_play:game:0022100488:event:31:player1
hallty01,robinmi01,KNICKS,2022,0022100488,2021-12-25,S1 play_by_play:game:0022100488:event:612:player2,S1 play_by_play:game:0022100488:event:10:player1
hallty01,toppiob01,KNICKS,2022,0022100488,2021-12-25,S1 play_by_play:game:0022100488:event:612:player2,S1 play_by_play:game:0022100488:event:185:player2
hallty01,walkeke02,KNICKS,2022,0022100488,2021-12-25,S1 play_by_play:game:0022100488:event:612:player2,S1 play_by_play:game:0022100488:event:7:player1
harklma01,murkead01,KINGS,2022,0022100475,2021-12-22,S1 play_by_play:game:0022100475:event:61:player2,S1 play_by_play:game:0022100475:event:595:player2
harriel01,henryxa01,LAKERS,2014,0021300017,2013-10-30,S1 play_by_play:game:0021300017:event:457:player2,S1 play_by_play:game:0021300017:event:75:player2
harriel01,hilljo01,LAKERS,2014,0021300017,2013-10-30,S1 play_by_play:game:0021300017:event:457:player2,S1 play_by_play:game:0021300017:event:91:player2
harriel01,johnswe01,LAKERS,2014,0021300017,2013-10-30,S1 play_by_play:game:0021300017:event:457:player2,S1 play_by_play:game:0021300017:event:74:player2
harriel01,kamanch01,LAKERS,2014,0021300017,2013-10-30,S1 play_by_play:game:0021300017:event:457:player2,S1 play_by_play:game:0021300017:event:46:player2
harriel01,kellyry01,LAKERS,2014,0021300110,2013-11-12,S1 play_by_play:game:0021300110:event:522:player2,S1 play_by_play:game:0021300110:event:521:player2
harriel01,meeksjo01,LAKERS,2014,0021300017,2013-10-30,S1 play_by_play:game:0021300017:event:457:player2,S1 play_by_play:game:0021300017:event:2:player1
harriel01,sacrero01,LAKERS,2014,0021300017,2013-10-30,S1 play_by_play:game:0021300017:event:457:player2,S1 play_by_play:game:0021300017:event:456:player2
harriel01,willish03,LAKERS,2014,0021300017,2013-10-30,S1 play_by_play:game:0021300017:event:457:player2,S1 play_by_play:game:0021300017:event:3:player1
harriel01,youngni01,LAKERS,2014,0021300017,2013-10-30,S1 play_by_play:game:0021300017:event:457:player2,S1 play_by_play:game:0021300017:event:13:player1
harrito02,henryaa01,76ERS,2022,0022100009,2021-10-20,S1 play_by_play:game:0022100009:event:10:player1,S1 play_by_play:game:0022100009:event:592:player2
hartjo01,magnawi01,HORNETS-PELICANS,2021,0022000663,2021-03-23,S1 play_by_play:game:0022000663:event:85:player2,S1 play_by_play:game:0022000663:event:631:player2
hayesja02,magnawi01,HORNETS-PELICANS,2021,0022000663,2021-03-23,S1 play_by_play:game:0022000663:event:109:player2,S1 play_by_play:game:0022000663:event:631:player2
henryaa01,joeis01,76ERS,2022,0022100009,2021-10-20,S1 play_by_play:game:0022100009:event:592:player2,S1 play_by_play:game:0022100009:event:106:player2
henryaa01,johnsty01,76ERS,2022,0022100495,2021-12-26,S1 play_by_play:game:0022100495:event:644:player2,S1 play_by_play:game:0022100495:event:99:player2
henryaa01,keybr01,76ERS,2022,0022100711,2022-01-10,S1 play_by_play:game:0022100711:event:606:player2,S1 play_by_play:game:0022100711:event:590:player2
henryaa01,korkmfu01,76ERS,2022,0022100009,2021-10-20,S1 play_by_play:game:0022100009:event:592:player2,S1 play_by_play:game:0022100009:event:87:player2
henryaa01,maxeyty01,76ERS,2022,0022100009,2021-10-20,S1 play_by_play:game:0022100009:event:592:player2,S1 play_by_play:game:0022100009:event:18:player1
henryaa01,miltosh01,76ERS,2022,0022100552,2022-01-03,S1 play_by_play:game:0022100552:event:659:player2,S1 play_by_play:game:0022100552:event:43:player2
henryaa01,niangge01,76ERS,2022,0022100009,2021-10-20,S1 play_by_play:game:0022100009:event:592:player2,S1 play_by_play:game:0022100009:event:86:player2
henryaa01,powelmy01,76ERS,2022,0022100495,2021-12-26,S1 play_by_play:game:0022100495:event:644:player2,S1 play_by_play:game:0022100495:event:646:player2
henryaa01,reedpa01,76ERS,2022,0022100009,2021-10-20,S1 play_by_play:game:0022100009:event:592:player2,S1 play_by_play:game:0022100009:event:577:player2
henryaa01,sprinja01,76ERS,2022,0022100009,2021-10-20,S1 play_by_play:game:0022100009:event:592:player2,S1 play_by_play:game:0022100009:event:591:player2
henryaa01,thybuma01,76ERS,2022,0022100009,2021-10-20,S1 play_by_play:game:0022100009:event:592:player2,S1 play_by_play:game:0022100009:event:105:player2
hieldbu01,murkead01,KINGS,2022,0022100475,2021-12-22,S1 play_by_play:game:0022100475:event:7:player1,S1 play_by_play:game:0022100475:event:595:player2
hillge01,kalaige01,BUCKS,2022,0022100001,2021-10-19,S1 play_by_play:game:0022100001:event:90:player2,S1 play_by_play:game:0022100001:event:674:player2
hillge01,nba:1630492,BUCKS,2022,0042100214,2022-05-09,S1 play_by_play:game:0042100214:event:142:player2,S1 play_by_play:game:0042100214:event:684:player2
hinriki01,sypa01,HAWKS,2011,0021001188,2011-04-09,S1 play_by_play:game:0021001188:event:15:player2,S1 play_by_play:game:0021001188:event:419:player2
hoardja01,kalaige01,THUNDER,2022,0022101185,2022-04-05,S1 play_by_play:game:0022101185:event:44:player1,S1 play_by_play:game:0022101185:event:16:player1
hoardja01,simpsza01,THUNDER,2022,0022101185,2022-04-05,S1 play_by_play:game:0022101185:event:44:player1,S1 play_by_play:game:0022101185:event:11:player1
holidaa01,willido02,HAWKS,2023,0022201182,2023-04-04,S1 play_by_play:game:0022201182:event:611:player2,S1 play_by_play:game:0022201182:event:628:player1
holidjr01,kalaige01,BUCKS,2022,0022100001,2021-10-19,S1 play_by_play:game:0022100001:event:55:player1,S1 play_by_play:game:0022100001:event:674:player2
holidjr01,nba:1630492,BUCKS,2022,0042100123,2022-04-22,S1 play_by_play:game:0042100123:event:7:player1,S1 play_by_play:game:0042100123:event:502:player2
holmeri01,murkead01,KINGS,2022,0022100475,2021-12-22,S1 play_by_play:game:0022100475:event:21:player1,S1 play_by_play:game:0022100475:event:595:player2
hoodro01,kalaige01,BUCKS,2022,0022100042,2021-10-25,S1 play_by_play:game:0022100042:event:114:player2,S1 play_by_play:game:0022100042:event:742:player2
horfoal01,sypa01,HAWKS,2011,0021001188,2011-04-09,S1 play_by_play:game:0021001188:event:7:player1,S1 play_by_play:game:0021001188:event:419:player2
howardw01,norveza01,LAKERS,2020,0021900025,2019-10-25,S1 play_by_play:game:0021900025:event:77:player2,S1 play_by_play:game:0021900025:event:643:player2
howarju01,knighbr02,ROCKETS,2005,0020400552,2005-01-17,S1 play_by_play:game:0020400552:event:2:player1,S1 play_by_play:game:0020400552:event:418:player2
huntede01,willido02,HAWKS,2023,0022201216,2023-04-09,S1 play_by_play:game:0022201216:event:7:player1,S1 play_by_play:game:0022201216:event:573:player2
ibakase01,nba:1630492,BUCKS,2022,0042100123,2022-04-22,S1 play_by_play:game:0042100123:event:490:player2,S1 play_by_play:game:0042100123:event:502:player2
ingrabr01,magnawi01,HORNETS-PELICANS,2021,0022000663,2021-03-23,S1 play_by_play:game:0022000663:event:11:player2,S1 play_by_play:game:0022000663:event:631:player2
jacksja02,teskejo01,GRIZZLIES,2022,0022100554,2022-01-03,S1 play_by_play:game:0022100554:event:11:player1,S1 play_by_play:game:0022100554:event:694:player2
jamesle01,norveza01,LAKERS,2020,0021900025,2019-10-25,S1 play_by_play:game:0021900025:event:15:player2,S1 play_by_play:game:0021900025:event:643:player2
jefferi01,zimmede01,NETS,2006,0020501220,2006-04-19,S1 play_by_play:game:0020501220:event:2:player2,S1 play_by_play:game:0020501220:event:81:player2
jeffrda01,teskejo01,GRIZZLIES,2022,0022100554,2022-01-03,S1 play_by_play:game:0022100554:event:696:player2,S1 play_by_play:game:0022100554:event:694:player2
johnsda08,mykhasv01,RAPTORS,2022,0022100058,2021-10-27,S1 play_by_play:game:0022100058:event:692:player2,S1 play_by_play:game:0022100058:event:198:player2
johnsda08,siakapa01,RAPTORS,2022,0022100351,2021-12-05,S1 play_by_play:game:0022100351:event:598:player2,S1 play_by_play:game:0022100351:event:13:player1
johnsda08,trentga02,RAPTORS,2022,0022100058,2021-10-27,S1 play_by_play:game:0022100058:event:692:player2,S1 play_by_play:game:0022100058:event:34:player1
johnsda08,vanvlfr01,RAPTORS,2022,0022100058,2021-10-27,S1 play_by_play:game:0022100058:event:692:player2,S1 play_by_play:game:0022100058:event:12:player1
johnsda08,watanyu01,RAPTORS,2022,0022100351,2021-12-05,S1 play_by_play:game:0022100351:event:598:player2,S1 play_by_play:game:0022100351:event:106:player2
johnsja05,willido02,HAWKS,2023,0022201182,2023-04-04,S1 play_by_play:game:0022201182:event:97:player2,S1 play_by_play:game:0022201182:event:628:player1
johnsjo02,sypa01,HAWKS,2011,0021001188,2011-04-09,S1 play_by_play:game:0021001188:event:18:player1,S1 play_by_play:game:0021001188:event:419:player2
jonesda03,murkead01,KINGS,2022,0022100475,2021-12-22,S1 play_by_play:game:0022100475:event:270:player2,S1 play_by_play:game:0022100475:event:595:player2
jonesty01,teskejo01,GRIZZLIES,2022,0022100554,2022-01-03,S1 play_by_play:game:0022100554:event:130:player2,S1 play_by_play:game:0022100554:event:694:player2
kalaige01,krejcvi01,THUNDER,2022,0022101185,2022-04-05,S1 play_by_play:game:0022101185:event:16:player1,S1 play_by_play:game:0022101185:event:25:player2
kalaige01,lopezbr01,BUCKS,2022,0022100001,2021-10-19,S1 play_by_play:game:0022100001:event:674:player2,S1 play_by_play:game:0022100001:event:16:player1
kalaige01,mamuksa01,BUCKS,2022,0022100001,2021-10-19,S1 play_by_play:game:0022100001:event:674:player2,S1 play_by_play:game:0022100001:event:196:player2
kalaige01,middlkh01,BUCKS,2022,0022100001,2021-10-19,S1 play_by_play:game:0022100001:event:674:player2,S1 play_by_play:game:0022100001:event:42:player1
kalaige01,nworajo01,BUCKS,2022,0022100001,2021-10-19,S1 play_by_play:game:0022100001:event:674:player2,S1 play_by_play:game:0022100001:event:125:player2
kalaige01,ojelese01,BUCKS,2022,0022100085,2021-10-30,S1 play_by_play:game:0022100085:event:729:player2,S1 play_by_play:game:0022100085:event:142:player1
kalaige01,portibo01,BUCKS,2022,0022100103,2021-11-02,S1 play_by_play:game:0022100103:event:562:player2,S1 play_by_play:game:0022100103:event:51:player2
kalaige01,robinje02,THUNDER,2022,0022101194,2022-04-06,S1 play_by_play:game:0022101194:event:33:player1,S1 play_by_play:game:0022101194:event:112:player2
kalaige01,robinju01,BUCKS,2022,0022100001,2021-10-19,S1 play_by_play:game:0022100001:event:674:player2,S1 play_by_play:game:0022100001:event:424:player2
kalaige01,robyis01,THUNDER,2022,0022101185,2022-04-05,S1 play_by_play:game:0022101185:event:16:player1,S1 play_by_play:game:0022101185:event:22:player1
kalaige01,sarrol01,THUNDER,2022,0022101185,2022-04-05,S1 play_by_play:game:0022101185:event:16:player1,S1 play_by_play:game:0022101185:event:106:player2
kalaige01,simpsza01,THUNDER,2022,0022101185,2022-04-05,S1 play_by_play:game:0022101185:event:16:player1,S1 play_by_play:game:0022101185:event:11:player1
kalaige01,waterli01,THUNDER,2022,0022101185,2022-04-05,S1 play_by_play:game:0022101185:event:16:player1,S1 play_by_play:game:0022101185:event:105:player2
knighbr02,mcgratr01,ROCKETS,2005,0020400552,2005-01-17,S1 play_by_play:game:0020400552:event:418:player2,S1 play_by_play:game:0020400552:event:5:player2
knighbr02,mingya01,ROCKETS,2005,0020400552,2005-01-17,S1 play_by_play:game:0020400552:event:418:player2,S1 play_by_play:game:0020400552:event:13:player1
knighbr02,mutomdi01,ROCKETS,2005,0020400552,2005-01-17,S1 play_by_play:game:0020400552:event:418:player2,S1 play_by_play:game:0020400552:event:64:player2
knighbr02,padgesc01,ROCKETS,2005,0020400552,2005-01-17,S1 play_by_play:game:0020400552:event:418:player2,S1 play_by_play:game:0020400552:event:372:player2
knighbr02,surabo01,ROCKETS,2005,0020400552,2005-01-17,S1 play_by_play:game:0020400552:event:418:player2,S1 play_by_play:game:0020400552:event:10:player1
knighbr02,tayloma01,ROCKETS,2005,0020400552,2005-01-17,S1 play_by_play:game:0020400552:event:418:player2,S1 play_by_play:game:0020400552:event:85:player2
knighbr02,wesleda01,ROCKETS,2005,0020400552,2005-01-17,S1 play_by_play:game:0020400552:event:418:player2,S1 play_by_play:game:0020400552:event:5:player1
kornelu01,scotttr01,CAVALIERS,2022,0022100471,2021-12-22,S1 play_by_play:game:0022100471:event:667:player2,S1 play_by_play:game:0022100471:event:668:player2
krejcvi01,simpsza01,THUNDER,2022,0022101185,2022-04-05,S1 play_by_play:game:0022101185:event:25:player2,S1 play_by_play:game:0022101185:event:11:player1
krejcvi01,willido02,HAWKS,2023,0022201182,2023-04-04,S1 play_by_play:game:0022201182:event:614:player2,S1 play_by_play:game:0022201182:event:628:player1
lafayol01,robinna01,CELTICS,2010,0020901218,2010-04-14,S1 play_by_play:game:0020901218:event:117:player2,S1 play_by_play:game:0020901218:event:93:player2
lafayol01,rondora01,CELTICS,2010,0020901218,2010-04-14,S1 play_by_play:game:0020901218:event:117:player2,S1 play_by_play:game:0020901218:event:13:player1
lafayol01,scalabr01,CELTICS,2010,0020901218,2010-04-14,S1 play_by_play:game:0020901218:event:117:player2,S1 play_by_play:game:0020901218:event:86:player2
lafayol01,wallara01,CELTICS,2010,0020901218,2010-04-14,S1 play_by_play:game:0020901218:event:117:player2,S1 play_by_play:game:0020901218:event:6:player1
lafayol01,willish02,CELTICS,2010,0020901218,2010-04-14,S1 play_by_play:game:0020901218:event:117:player2,S1 play_by_play:game:0020901218:event:40:player2
leeda03,norveza01,WARRIORS,2020,0021900783,2020-02-08,S1 play_by_play:game:0021900783:event:13:player1,S1 play_by_play:game:0021900783:event:186:player2
lewiski01,magnawi01,HORNETS-PELICANS,2021,0022000663,2021-03-23,S1 play_by_play:game:0022000663:event:135:player2,S1 play_by_play:game:0022000663:event:631:player2
lillada01,mcgrica01,TRAIL BLAZERS,2022,0022100506,2021-12-27,S1 play_by_play:game:0022100506:event:38:player1,S1 play_by_play:game:0022100506:event:175:player2
littlna01,mcgrica01,TRAIL BLAZERS,2022,0022100506,2021-12-27,S1 play_by_play:game:0022100506:event:17:player3,S1 play_by_play:game:0022100506:event:175:player2
looneke01,norveza01,WARRIORS,2020,0021900783,2020-02-08,S1 play_by_play:game:0021900783:event:105:player2,S1 play_by_play:game:0021900783:event:186:player2
lopezbr01,nba:1630492,BUCKS,2022,0042100123,2022-04-22,S1 play_by_play:game:0042100123:event:20:player1,S1 play_by_play:game:0042100123:event:502:player2
loveke01,scotttr01,CAVALIERS,2022,0022100471,2021-12-22,S1 play_by_play:game:0022100471:event:73:player2,S1 play_by_play:game:0022100471:event:668:player2
magnawi01,marshna01,HORNETS-PELICANS,2021,0022000663,2021-03-23,S1 play_by_play:game:0022000663:event:631:player2,S1 play_by_play:game:0022000663:event:630:player2
magnawi01,mellini01,HORNETS-PELICANS,2021,0022000663,2021-03-23,S1 play_by_play:game:0022000663:event:631:player2,S1 play_by_play:game:0022000663:event:84:player2
magnawi01,willizi01,HORNETS-PELICANS,2021,0022000663,2021-03-23,S1 play_by_play:game:0022000663:event:631:player2,S1 play_by_play:game:0022000663:event:22:player1
markkla01,scotttr01,CAVALIERS,2022,0022100471,2021-12-22,S1 play_by_play:game:0022100471:event:7:player1,S1 play_by_play:game:0022100471:event:668:player2
martity01,willido02,HAWKS,2023,0022201182,2023-04-04,S1 play_by_play:game:0022201182:event:604:player2,S1 play_by_play:game:0022201182:event:628:player1
mathega01,willido02,HAWKS,2023,0022201216,2023-04-09,S1 play_by_play:game:0022201216:event:105:player2,S1 play_by_play:game:0022201216:event:573:player2
mathida01,teskejo01,GRIZZLIES,2022,0022100554,2022-01-03,S1 play_by_play:game:0022100554:event:697:player2,S1 play_by_play:game:0022100554:event:694:player2
matthwe02,nba:1630492,BUCKS,2022,0042100123,2022-04-22,S1 play_by_play:game:0042100123:event:16:player1,S1 play_by_play:game:0042100123:event:502:player2
mcgeeja01,norveza01,LAKERS,2020,0021900025,2019-10-25,S1 play_by_play:game:0021900025:event:36:player1,S1 play_by_play:game:0021900025:event:643:player2
mcgrica01,mclembe01,TRAIL BLAZERS,2022,0022100538,2021-12-31,S1 play_by_play:game:0022100538:event:436:player2,S1 play_by_play:game:0022100538:event:42:player2
mcgrica01,nancela02,TRAIL BLAZERS,2022,0022100506,2021-12-27,S1 play_by_play:game:0022100506:event:175:player2,S1 play_by_play:game:0022100506:event:9:player2
mcgrica01,perryre01,TRAIL BLAZERS,2022,0022100523,2021-12-29,S1 play_by_play:game:0022100523:event:135:player2,S1 play_by_play:game:0022100523:event:89:player2
mcgrica01,powelno01,TRAIL BLAZERS,2022,0022100506,2021-12-27,S1 play_by_play:game:0022100506:event:175:player2,S1 play_by_play:game:0022100506:event:9:player1
mcgrica01,simonan01,TRAIL BLAZERS,2022,0022100506,2021-12-27,S1 play_by_play:game:0022100506:event:175:player2,S1 play_by_play:game:0022100506:event:119:player2
mcgrica01,smithde03,TRAIL BLAZERS,2022,0022100538,2021-12-31,S1 play_by_play:game:0022100538:event:436:player2,S1 play_by_play:game:0022100538:event:115:player2
mcgrica01,snellto01,TRAIL BLAZERS,2022,0022100506,2021-12-27,S1 play_by_play:game:0022100506:event:175:player2,S1 play_by_play:game:0022100506:event:80:player1
mcgrica01,willibr03,TRAIL BLAZERS,2022,0022100506,2021-12-27,S1 play_by_play:game:0022100506:event:175:player2,S1 play_by_play:game:0022100506:event:620:player2
meltode01,teskejo01,GRIZZLIES,2022,0022100579,2022-01-06,S1 play_by_play:game:0022100579:event:76:player2,S1 play_by_play:game:0022100579:event:676:player2
metuch01,murkead01,KINGS,2022,0022100475,2021-12-22,S1 play_by_play:game:0022100475:event:13:player1,S1 play_by_play:game:0022100475:event:595:player2
moranja01,teskejo01,GRIZZLIES,2022,0022100554,2022-01-03,S1 play_by_play:game:0022100554:event:15:player1,S1 play_by_play:game:0022100554:event:694:player2
mudiaem01,murkead01,KINGS,2022,0022100475,2021-12-22,S1 play_by_play:game:0022100475:event:109:player2,S1 play_by_play:game:0022100475:event:595:player2
murkead01,ramseja01,KINGS,2022,0022100475,2021-12-22,S1 play_by_play:game:0022100475:event:595:player2,S1 play_by_play:game:0022100475:event:594:player2
murkead01,thomptr01,KINGS,2022,0022100475,2021-12-22,S1 play_by_play:game:0022100475:event:595:player2,S1 play_by_play:game:0022100475:event:75:player2
murkead01,woodaro01,KINGS,2022,0022100475,2021-12-22,S1 play_by_play:game:0022100475:event:595:player2,S1 play_by_play:game:0022100475:event:593:player2
murrade01,willido02,HAWKS,2023,0022201182,2023-04-04,S1 play_by_play:game:0022201182:event:12:player2,S1 play_by_play:game:0022201182:event:628:player1
murrala01,zimmede01,NETS,2006,0020501220,2006-04-19,S1 play_by_play:game:0020501220:event:84:player2,S1 play_by_play:game:0020501220:event:81:player2
nachbbo01,zimmede01,NETS,2006,0020501220,2006-04-19,S1 play_by_play:game:0020501220:event:94:player2,S1 play_by_play:game:0020501220:event:81:player2
nba:1630492,nworajo01,BUCKS,2022,0042100123,2022-04-22,S1 play_by_play:game:0042100123:event:502:player2,S1 play_by_play:game:0042100123:event:492:player2
nba:1630492,portibo01,BUCKS,2022,0042100123,2022-04-22,S1 play_by_play:game:0042100123:event:502:player2,S1 play_by_play:game:0042100123:event:19:player1
nba:1630492,tuckera01,BUCKS,2022,0042100123,2022-04-22,S1 play_by_play:game:0042100123:event:502:player2,S1 play_by_play:game:0042100123:event:501:player2
nembhrj01,scotttr01,CAVALIERS,2022,0022100494,2021-12-26,S1 play_by_play:game:0022100494:event:531:player1,S1 play_by_play:game:0022100494:event:559:player2
norveza01,pargoje01,WARRIORS,2020,0021900783,2020-02-08,S1 play_by_play:game:0021900783:event:186:player2,S1 play_by_play:game:0021900783:event:106:player2
norveza01,pascher01,WARRIORS,2020,0021900783,2020-02-08,S1 play_by_play:game:0021900783:event:186:player2,S1 play_by_play:game:0021900783:event:21:player1
norveza01,poolejo01,WARRIORS,2020,0021900783,2020-02-08,S1 play_by_play:game:0021900783:event:186:player2,S1 play_by_play:game:0021900783:event:120:player2
norveza01,smailal01,WARRIORS,2020,0021900783,2020-02-08,S1 play_by_play:game:0021900783:event:186:player2,S1 play_by_play:game:0021900783:event:121:player2
norveza01,toscaju01,WARRIORS,2020,0021900783,2020-02-08,S1 play_by_play:game:0021900783:event:186:player2,S1 play_by_play:game:0021900783:event:104:player2
norveza01,wiggian01,WARRIORS,2020,0021900783,2020-02-08,S1 play_by_play:game:0021900783:event:186:player2,S1 play_by_play:game:0021900783:event:33:player1
okongon01,willido02,HAWKS,2023,0022201182,2023-04-04,S1 play_by_play:game:0022201182:event:82:player2,S1 play_by_play:game:0022201182:event:628:player1
osmande01,scotttr01,CAVALIERS,2022,0022100471,2021-12-22,S1 play_by_play:game:0022100471:event:74:player2,S1 play_by_play:game:0022100471:event:668:player2
pachuza01,sypa01,HAWKS,2011,0021001188,2011-04-09,S1 play_by_play:game:0021001188:event:4:player2,S1 play_by_play:game:0021001188:event:419:player2
padgesc01,zimmede01,NETS,2006,0020501220,2006-04-19,S1 play_by_play:game:0020501220:event:66:player2,S1 play_by_play:game:0020501220:event:81:player2
pangoke01,scotttr01,CAVALIERS,2022,0022100471,2021-12-22,S1 play_by_play:game:0022100471:event:459:player2,S1 play_by_play:game:0022100471:event:668:player2
planizo01,zimmede01,NETS,2006,0020501220,2006-04-19,S1 play_by_play:game:0020501220:event:5:player2,S1 play_by_play:game:0020501220:event:81:player2
ponsyv01,teskejo01,GRIZZLIES,2022,0022100554,2022-01-03,S1 play_by_play:game:0022100554:event:149:player2,S1 play_by_play:game:0022100554:event:694:player2
poweljo01,sypa01,HAWKS,2011,0021001188,2011-04-09,S1 play_by_play:game:0021001188:event:314:player2,S1 play_by_play:game:0021001188:event:419:player2
robincl02,zimmede01,NETS,2006,0020501220,2006-04-19,S1 play_by_play:game:0020501220:event:5:player1,S1 play_by_play:game:0020501220:event:81:player2
robinje02,simpsza01,THUNDER,2022,0022101194,2022-04-06,S1 play_by_play:game:0022101194:event:112:player2,S1 play_by_play:game:0022101194:event:16:player1
robyis01,simpsza01,THUNDER,2022,0022101185,2022-04-05,S1 play_by_play:game:0022101185:event:22:player1,S1 play_by_play:game:0022101185:event:11:player1
rubiori01,scotttr01,CAVALIERS,2022,0022100471,2021-12-22,S1 play_by_play:game:0022100471:event:14:player1,S1 play_by_play:game:0022100471:event:668:player2
sarrol01,simpsza01,THUNDER,2022,0022101185,2022-04-05,S1 play_by_play:game:0022101185:event:106:player2,S1 play_by_play:game:0022101185:event:11:player1
scotttr01,valende01,CAVALIERS,2022,0022100471,2021-12-22,S1 play_by_play:game:0022100471:event:668:player2,S1 play_by_play:game:0022100471:event:120:player2
scotttr01,wadede01,CAVALIERS,2022,0022100471,2021-12-22,S1 play_by_play:game:0022100471:event:668:player2,S1 play_by_play:game:0022100471:event:29:player1
simpsza01,waterli01,THUNDER,2022,0022101185,2022-04-05,S1 play_by_play:game:0022101185:event:11:player1,S1 play_by_play:game:0022101185:event:105:player2
smithjo03,sypa01,HAWKS,2011,0021001217,2011-04-13,S1 play_by_play:game:0021001217:event:9:player1,S1 play_by_play:game:0021001217:event:360:player2
sneedxa01,teskejo01,GRIZZLIES,2022,0022100554,2022-01-03,S1 play_by_play:game:0022100554:event:167:player2,S1 play_by_play:game:0022100554:event:694:player2
sypa01,teaguje01,HAWKS,2011,0021001188,2011-04-09,S1 play_by_play:game:0021001188:event:419:player2,S1 play_by_play:game:0021001188:event:83:player2
sypa01,thomaet01,HAWKS,2011,0021001188,2011-04-09,S1 play_by_play:game:0021001188:event:419:player2,S1 play_by_play:game:0021001188:event:140:player1
sypa01,wilkida02,HAWKS,2011,0021001188,2011-04-09,S1 play_by_play:game:0021001188:event:419:player2,S1 play_by_play:game:0021001188:event:86:player2
sypa01,willima02,HAWKS,2011,0021001188,2011-04-09,S1 play_by_play:game:0021001188:event:419:player2,S1 play_by_play:game:0021001188:event:4:player1
teskejo01,tilliki02,GRIZZLIES,2022,0022100554,2022-01-03,S1 play_by_play:game:0022100554:event:694:player2,S1 play_by_play:game:0022100554:event:7:player1
teskejo01,willizi02,GRIZZLIES,2022,0022100579,2022-01-06,S1 play_by_play:game:0022100579:event:676:player2,S1 play_by_play:game:0022100579:event:11:player2
thomajo02,zimmede01,NETS,2006,0020501220,2006-04-19,S1 play_by_play:game:0020501220:event:73:player2,S1 play_by_play:game:0020501220:event:81:player2
vaughja01,zimmede01,NETS,2006,0020501220,2006-04-19,S1 play_by_play:game:0020501220:event:35:player2,S1 play_by_play:game:0020501220:event:81:player2
