page,url,sha256,bytes,parsed_rows,window_from,window_to
BAA_1947,https://www.basketball-reference.com/leagues/BAA_1947_transactions.html,db247d237432d8005fe9b024ebbe554d2170f41ba1aee7fa811e7f023e45d63a,139944,14,1946-07-01,1947-06-30
BAA_1948,https://www.basketball-reference.com/leagues/BAA_1948_transactions.html,cdbbf095f45aad9c5dbc3f973f41eaad02a9d095bc8ee7c07c986eb3365782fb,150077,60,1947-07-01,1948-06-30
BAA_1949,https://www.basketball-reference.com/leagues/BAA_1949_transactions.html,89c04292bf699a03ad1cf569aaf5cae47349293f1ff31955266114deec5f3393,146086,38,1948-07-01,1949-06-30
NBA_1950,https://www.basketball-reference.com/leagues/NBA_1950_transactions.html,b0f235c8a60dc7065bf1cd2632bedbb7a404542eec3084f1310d7334a7cfbe50,157379,87,1949-07-01,1950-06-30
NBA_1951,https://www.basketball-reference.com/leagues/NBA_1951_transactions.html,ce4ceb0dcee3c05255c1f58eb20eebf4aeaf307764926c7ca7e46129870fcabb,149030,51,1950-07-01,1951-06-30
NBA_1952,https://www.basketball-reference.com/leagues/NBA_1952_transactions.html,e35a311b16ec4e698c761fd1d105f007d804203e732837f1c3199c896c6edfc9,140623,14,1951-07-01,1952-06-30
NBA_1953,https://www.basketball-reference.com/leagues/NBA_1953_transactions.html,975c520395c303253f8c0a3250e4eddfec44a6703d86e3cb0bac875927d893e6,144562,26,1952-07-01,1953-06-30
NBA_1954,https://www.basketball-reference.com/leagues/NBA_1954_transactions.html,22f7d64f3a15365fae7d1f408ded0ddc74db783d9c526b74c953a6be8c9e859f,142090,19,1953-07-01,1954-06-30
NBA_1955,https://www.basketball-reference.com/leagues/NBA_1955_transactions.html,b06b5f5168131a4d58f741cf820fac10d221036763814134fc337ec146a8a6ab,143422,26,1954-07-01,1955-06-30
NBA_1956,https://www.basketball-reference.com/leagues/NBA_1956_transactions.html,4435cc2c7fb0d123fcecd5869fa9d6c259ed860fe8eaf852ee47811cc76db684,139879,12,1955-07-01,1956-06-30
NBA_1957,https://www.basketball-reference.com/leagues/NBA_1957_transactions.html,2c04b57011f3bbb246abcea6a729fcb981a52e03abed6f843d3cea3526687ba9,143222,23,1956-07-01,1957-06-30
NBA_1958,https://www.basketball-reference.com/leagues/NBA_1958_transactions.html,d9a8b36c136beb93e2e00f720cdc55172d0b8330a86a81c9849dc3f047338922,141845,21,1957-07-01,1958-06-30
NBA_1959,https://www.basketball-reference.com/leagues/NBA_1959_transactions.html,64ce0728b936b87372af2ff4821b08757675960c82d3c585a375f846f3de30e9,140100,12,1958-07-01,1959-06-30
NBA_1960,https://www.basketball-reference.com/leagues/NBA_1960_transactions.html,5b0511e436298d0976eb7f2b257682f00bf58efe599e72e0d0b15cc329933d01,143702,28,1959-07-01,1960-06-30
NBA_1961,https://www.basketball-reference.com/leagues/NBA_1961_transactions.html,690d5ced04bfaeb24f3e63c4cdfbcafbe4108c5f03f7782d245ddeb7a8eb4405,145106,36,1960-07-01,1961-06-30
NBA_1962,https://www.basketball-reference.com/leagues/NBA_1962_transactions.html,9ffd8a95d1701470707d2dfc5c5f46c971e592c435172f52307d3222f07d3b71,143705,29,1961-07-01,1962-06-30
NBA_1963,https://www.basketball-reference.com/leagues/NBA_1963_transactions.html,9fa3e457cb34800fbc799959ec0d37238ca8e629caec3973c61581f2ca3859da,142488,22,1962-07-01,1963-06-30
NBA_1964,https://www.basketball-reference.com/leagues/NBA_1964_transactions.html,76b73ddcb213bd90b4a4428e5712ffde3c9d546e56d095d7d495fd0305ae848b,143668,22,1963-07-01,1964-06-30
NBA_1965,https://www.basketball-reference.com/leagues/NBA_1965_transactions.html,90417398ee66be9d747df56ab00ac8045012d83501d414f3f414ed10e85eb197,141537,20,1964-07-01,1965-06-30
NBA_1966,https://www.basketball-reference.com/leagues/NBA_1966_transactions.html,98a274d320a4b1c52833418d723eb73c0628c68305cfc0beccd1771545606a47,147571,46,1965-07-01,1966-06-30
NBA_1967,https://www.basketball-reference.com/leagues/NBA_1967_transactions.html,3a26f2bb1d5e5fd2acf3fe95a6bb3c0220299ea2c256e89e243e79bc628d97fd,150406,57,1966-07-01,1967-06-30
NBA_1968,https://www.basketball-reference.com/leagues/NBA_1968_transactions.html,4950a7e8e8b94cd2cce8bd716d1c51e875fcddc2902bf191374c80f8a7de8449,150866,59,1967-07-01,1968-06-30
NBA_1969,https://www.basketball-reference.com/leagues/NBA_1969_transactions.html,0627ead9e9f7a6cdc900545bed3c75074980e4aa5e4450515aca60544911b1a4,146785,38,1968-07-01,1969-06-30
NBA_1970,https://www.basketball-reference.com/leagues/NBA_1970_transactions.html,0de6515f4337e2f2f0331830df96e9e8c0e16e2d114fb643084995f7f6891f87,158442,81,1969-07-01,1970-06-30
NBA_1971,https://www.basketball-reference.com/leagues/NBA_1971_transactions.html,d2016d36b6be28f0628bb316205d6659f14eeb3324f70ad670db939d6edc567c,149915,48,1970-07-01,1971-06-30
NBA_1972,https://www.basketball-reference.com/leagues/NBA_1972_transactions.html,01a902eb4924f41fc2fa95865c93442f1f55099d5e0c909e972ed34c1c1f26c0,153194,62,1971-07-01,1972-06-30
NBA_1973,https://www.basketball-reference.com/leagues/NBA_1973_transactions.html,6430eef8629ac41941b284c675cdecc2e5983faaf628d7f3082d6d0fd74b068e,158831,89,1972-07-01,1973-06-30
NBA_1974,https://www.basketball-reference.com/leagues/NBA_1974_transactions.html,b204f7d171ec3e9de3fe3d8476de488684d766078b7b4cc0e77bbbecb4aeb9d6,160320,101,1973-07-01,1974-06-30
NBA_1975,https://www.basketball-reference.com/leagues/NBA_1975_transactions.html,51794700b1ee1b90b8ffb6b1f9245588ab2a9fcc905809f4d7f7bceb75ed0166,158219,82,1974-07-01,1975-06-30
NBA_1976,https://www.basketball-reference.com/leagues/NBA_1976_transactions.html,45c281e2f32ad74a5ec5b2182035dea2946480d49b2a94cb22931bce24bcb90e,160338,102,1975-07-01,1976-06-30
NBA_1977,https://www.basketball-reference.com/leagues/NBA_1977_transactions.html,880c803c2b1cbeb7162e4be3a57ff652676f72e27e6014a40dff57a29520118c,183721,211,1976-07-01,1977-06-30
NBA_1978,https://www.basketball-reference.com/leagues/NBA_1978_transactions.html,c9e9825dcd7b3e07d430ab913e2e7f5400a398be728e2c07fae94877d66c68fd,185326,204,1977-07-01,1978-06-30
NBA_1979,https://www.basketball-reference.com/leagues/NBA_1979_transactions.html,3093045f42577c4f2a273e46a709da78ff8227cbcf363cacc04811c2a3fce22c,180470,194,1978-07-01,1979-06-30
NBA_1980,https://www.basketball-reference.com/leagues/NBA_1980_transactions.html,5d9b9da77bc18c4c6dfc9583edc0b8100b100daaf89b9f17a38b4f36ee5f5aba,188590,225,1979-07-01,1980-06-30
NBA_1981,https://www.basketball-reference.com/leagues/NBA_1981_transactions.html,3bf4d2bf49c4e55ca3023fc9050f986415111e03147e8588051ce41395717520,182805,196,1980-07-01,1981-06-30
NBA_1982,https://www.basketball-reference.com/leagues/NBA_1982_transactions.html,38f7e149739693ce7631508c24e6a180c750f05ba2f919c2d4269c5ec5e787dc,171786,153,1981-07-01,1982-06-30
NBA_1983,https://www.basketball-reference.com/leagues/NBA_1983_transactions.html,fa38ffee499f3b9679e17c1fcd8b3acd7b56750234c6e6ab817ac7cae88cc7c2,184935,208,1982-07-01,1983-06-30
NBA_1984,https://www.basketball-reference.com/leagues/NBA_1984_transactions.html,b421172ba58f0e788fde0a51486d796dfa589a3e86045a183e002277fb87c8d8,178156,177,1983-07-01,1984-06-30
NBA_1985,https://www.basketball-reference.com/leagues/NBA_1985_transactions.html,e58fed03884ce517f7d82643911f607bfd77a4478f294aeb1d26ea2d22952493,178442,196,1984-07-01,1985-06-30
NBA_1986,https://www.basketball-reference.com/leagues/NBA_1986_transactions.html,b1fd4cd47855c96aef858bf0254eaa8ed1aae36777f94e75b4fde41bd685c057,184015,230,1985-07-01,1986-06-30
NBA_1987,https://www.basketball-reference.com/leagues/NBA_1987_transactions.html,b8954a54552e00f5002101ad13bc6bd23fe001c7ed94636b2fa4f9d91e0ad35b,191345,253,1986-07-01,1987-06-30
NBA_1988,https://www.basketball-reference.com/leagues/NBA_1988_transactions.html,cb2c080b667c5dbd1553c4aa36e5cc86dc7453f38a91727a2bbca4b1cc03d957,196169,276,1987-07-01,1988-06-30
NBA_1989,https://www.basketball-reference.com/leagues/NBA_1989_transactions.html,4fce81eac9b1256810487a8407cf60f06efeffacb05ff679af99283dd3e380ad,201790,331,1988-07-01,1989-06-30
NBA_1990,https://www.basketball-reference.com/leagues/NBA_1990_transactions.html,b82583ba2be05ba11b159f1e9db55c68f3bf568b3223c210bfbad58024791139,205363,332,1989-07-01,1990-06-30
NBA_1991,https://www.basketball-reference.com/leagues/NBA_1991_transactions.html,9adfc70fff3b98966e11a899a6ee08f0f3419cdef3c212faf2a8c33f57ab409f,210304,388,1990-07-01,1991-06-30
NBA_1992,https://www.basketball-reference.com/leagues/NBA_1992_transactions.html,19b229bb7f941fa74f6b1f3bc5973360398cc6ec7416862294fe5eaabf4bf3df,207136,376,1991-07-01,1992-06-30
NBA_1993,https://www.basketball-reference.com/leagues/NBA_1993_transactions.html,9b97e319c4e6b08e8810a50fafefb934844aa68e58b4fc753c1dc907966d3b5d,203585,340,1992-07-01,1993-06-30
NBA_1994,https://www.basketball-reference.com/leagues/NBA_1994_transactions.html,e756f77cf2e8deafcacf9af4bbd4ff70f3a82b2cce66f07bce8e7e2cb058abea,197892,312,1993-07-01,1994-06-30
NBA_1995,https://www.basketball-reference.com/leagues/NBA_1995_transactions.html,cb856bed2f3611b655bc437503c645b2f07eb1c77ded7639bd79fe6e8a48fb13,212544,384,1994-07-01,1995-06-30
NBA_1996,https://www.basketball-reference.com/leagues/NBA_1996_transactions.html,bcdec28d0f538012f428ef5c850bb9c0bfe67ef3a8fe4e7bbdce7aad5583c882,207360,356,1995-07-01,1996-06-30
NBA_1997,https://www.basketball-reference.com/leagues/NBA_1997_transactions.html,7d22c93d75a6417bd3bb89d4b0bdd2233819127b9ed511a9a5ff2f3e5c86024a,231728,499,1996-07-01,1997-06-30
NBA_1998,https://www.basketball-reference.com/leagues/NBA_1998_transactions.html,1dc21736260ae16639872eb8ac68da30b1f8a40d8147fa1a77f3acf3272359c7,215188,368,1997-07-01,1998-06-30
NBA_1999,https://www.basketball-reference.com/leagues/NBA_1999_transactions.html,d3a52733a5ca4e41b68ba243978bdf618642ee664bddc9d40139fcb83da2bdea,201413,336,1998-07-01,1999-06-30
NBA_2000,https://www.basketball-reference.com/leagues/NBA_2000_transactions.html,22a77a48e3dacb608a7d079dd73d339690e4534c4b9bf47b6ffc30795eb1fcb5,208076,343,1999-07-01,2000-06-30
NBA_2001,https://www.basketball-reference.com/leagues/NBA_2001_transactions.html,b37b807823e1cdd98bb3b169636925b852ef7caf0c67324f01ef1bbf8d64b579,201548,288,2000-07-01,2001-06-30
NBA_2002,https://www.basketball-reference.com/leagues/NBA_2002_transactions.html,eabf4ac456ac0416cb6ad72cac7f24319ad552f212ed4ec297fbc12e252e5ebc,202667,305,2001-07-01,2002-06-30
NBA_2003,https://www.basketball-reference.com/leagues/NBA_2003_transactions.html,c975fc4bf43e93a83cacd29aa7dd79751cf6e97551fd9b18b07e642474b3a3bb,189558,257,2002-07-01,2003-06-30
NBA_2004,https://www.basketball-reference.com/leagues/NBA_2004_transactions.html,192f5039e4e8047df7f850ecf536064c3b89c53ec47b0ba541aafbf82aa15d8d,221266,386,2003-07-01,2004-06-30
NBA_2005,https://www.basketball-reference.com/leagues/NBA_2005_transactions.html,247b28655970d12d06110b9d5da3c351b37133271de504ecfaf6e3f8617bfd11,205557,321,2004-07-01,2005-06-30
NBA_2006,https://www.basketball-reference.com/leagues/NBA_2006_transactions.html,0db70bfd9c4a8aa0eade8d673c067b51beb02a054a5871c62fa362c8d8c97e41,214540,347,2005-07-01,2006-06-30
NBA_2007,https://www.basketball-reference.com/leagues/NBA_2007_transactions.html,1c37943c1316544a11836c75d1e66ef5035e8453a28dbe7d76ddceeddecefb7d,200366,298,2006-07-01,2007-06-30
NBA_2008,https://www.basketball-reference.com/leagues/NBA_2008_transactions.html,01ef27977fbfe946bb2d5cb9e8f23da5558f07fc261243889386c09543573b0e,217863,369,2007-07-01,2008-06-30
NBA_2009,https://www.basketball-reference.com/leagues/NBA_2009_transactions.html,ab0e8f2636d8fc287ba85c2c0d7faeb7d5f535b428deebdcd760b0fc48e806f3,216226,344,2008-07-01,2009-06-30
NBA_2010,https://www.basketball-reference.com/leagues/NBA_2010_transactions.html,e435059916f4e9d2d6e8e77812c2262541f9d5eaa3b20b38d096389a57fd6b47,221198,375,2009-07-01,2010-06-30
NBA_2011,https://www.basketball-reference.com/leagues/NBA_2011_transactions.html,283890f6b2f551c0add322efcc1bd13458cab11efa60b5fa0040dd3e3914525c,235517,434,2010-07-01,2011-06-30
NBA_2012,https://www.basketball-reference.com/leagues/NBA_2012_transactions.html,7a2ddad6141f9468d2d0fe41961759b97b212fcdd79970b4de105155e36409b5,229980,456,2011-07-01,2012-06-30
NBA_2013,https://www.basketball-reference.com/leagues/NBA_2013_transactions.html,4e3257b373de2ed664aaf71ac24c740a371988707bc6bfd2612c5244da7fc745,302518,815,2012-07-01,2013-06-30
NBA_2014,https://www.basketball-reference.com/leagues/NBA_2014_transactions.html,394b00abab53dd4e4dd13a62f093c2c209ef6b9669935c81d0e2702c2b732ac5,311431,858,2013-07-01,2014-06-30
NBA_2015,https://www.basketball-reference.com/leagues/NBA_2015_transactions.html,f725bd3e907043a76a0e9544f6ef007052b2119cfd037b65fc944b0eaeb9edf8,361178,1140,2014-07-01,2015-06-30
NBA_2016,https://www.basketball-reference.com/leagues/NBA_2016_transactions.html,fc9c5a25c37bd103a807898d62d064f3109aff88288271edf98839da534bbc63,396011,1394,2015-07-01,2016-06-30
NBA_2017,https://www.basketball-reference.com/leagues/NBA_2017_transactions.html,d893c836c117cc33090ba87a957939d9bcb7a10356ff4a1b69171a2347edae74,468232,1777,2016-07-01,2017-06-30
NBA_2018,https://www.basketball-reference.com/leagues/NBA_2018_transactions.html,7ecc79f7e9b97d72393322a12883a8bcd652201f50fff17bec09c0e7f767a82e,436819,1620,2017-07-01,2018-06-30
NBA_2019,https://www.basketball-reference.com/leagues/NBA_2019_transactions.html,12099f767f47769392a6638323d46958d9ac25f4bb7ca8f1ac25bc896be70a09,437103,1580,2018-07-01,2019-06-30
NBA_2020,https://www.basketball-reference.com/leagues/NBA_2020_transactions.html,ba602e835001dd5523b64ff9a50a7d78360d7e14556eabbce7e3e83bde5a26d7,481074,1798,2019-07-01,2020-06-30
NBA_2021,https://www.basketball-reference.com/leagues/NBA_2021_transactions.html,8cc275a92a2a2d7a46b669f9900e68f66a4117cfba8f0f4b19fcf987814455b0,306540,833,2020-07-01,2021-06-30
NBA_2022,https://www.basketball-reference.com/leagues/NBA_2022_transactions.html,eb9f02f7a05cf3de80bb99d133c91f5accb490b2d38df3b7021e69a4abb031d0,499000,1893,2021-07-01,2022-06-30
NBA_2023,https://www.basketball-reference.com/leagues/NBA_2023_transactions.html,8672f6369beadc4b3530627cd1796dfe52d2dbc0f83b596aecc25ba4448140c3,324899,995,2022-07-01,2023-06-30
NBA_2024,https://www.basketball-reference.com/leagues/NBA_2024_transactions.html,99855d871de10de561a4000bd9added8a2650ed6e1e2c4d754a6e90b6474858c,334372,1039,2023-07-01,2024-06-30
NBA_2025,https://www.basketball-reference.com/leagues/NBA_2025_transactions.html,2a480a28cd88a3059bc57ff302ad6a70a6f0c620c2293d1edea0b2c924a4155a,346008,1063,2024-07-01,2025-06-30
NBA_2026,https://www.basketball-reference.com/leagues/NBA_2026_transactions.html,a01b061aa1e050bf0ade1cc11f8a1149641201f9bdfafa430f03aaeaf71a58b7,349318,1129,2025-07-01,2026-06-30
