season,lg,team_name,abbreviation,canonical_id
1947,BAA,Boston Celtics,BOS,CELTICS
1947,BAA,Chicago Stags,CHS,STAGS
1947,BAA,Cleveland Rebels,CLR,REBELS
1947,BAA,Detroit Falcons,DTF,FALCONS
1947,BAA,New York Knicks,NYK,KNICKS
1947,BAA,Philadelphia Warriors,PHW,WARRIORS
1947,BAA,Pittsburgh Ironmen,PIT,IRONMEN
1947,BAA,Providence Steamrollers,PRO,STEAMROLLERS
1947,BAA,St. Louis Bombers,STB,BOMBERS
1947,BAA,Toronto Huskies,TRH,HUSKIES
1947,BAA,Washington Capitols,WSC,CAPITOLS
1948,BAA,Baltimore Bullets,BLB,BULLETS-DEFUNCT
1948,BAA,Boston Celtics,BOS,CELTICS
1948,BAA,Chicago Stags,CHS,STAGS
1948,BAA,New York Knicks,NYK,KNICKS
1948,BAA,Philadelphia Warriors,PHW,WARRIORS
1948,BAA,Providence Steamrollers,PRO,STEAMROLLERS
1948,BAA,St. Louis Bombers,STB,BOMBERS
1948,BAA,Washington Capitols,WSC,CAPITOLS
1949,BAA,Baltimore Bullets,BLB,BULLETS-DEFUNCT
1949,BAA,Boston Celtics,BOS,CELTICS
1949,BAA,Chicago Stags,CHS,STAGS
1949,BAA,Fort Wayne Pistons,FTW,PISTONS
1949,BAA,Indianapolis Jets,INJ,JETS
1949,BAA,Minneapolis Lakers,MNL,LAKERS
1949,BAA,New York Knicks,NYK,KNICKS
1949,BAA,Philadelphia Warriors,PHW,WARRIORS
1949,BAA,Providence Steamrollers,PRO,STEAMROLLERS
1949,BAA,Rochester Royals,ROC,KINGS
1949,BAA,St. Louis Bombers,STB,BOMBERS
1949,BAA,Washington Capitols,WSC,CAPITOLS
1950,NBA,Anderson Packers,AND,PACKERS-ANDERSON
1950,NBA,Baltimore Bullets,BLB,BULLETS-DEFUNCT
1950,NBA,Boston Celtics,BOS,CELTICS
1950,NBA,Chicago Stags,CHS,STAGS
1950,NBA,Denver Nuggets,DNN,NUGGETS-DEFUNCT
1950,NBA,Fort Wayne Pistons,FTW,PISTONS
1950,NBA,Indianapolis Olympians,INO,OLYMPIANS
1950,NBA,Minneapolis Lakers,MNL,LAKERS
1950,NBA,New York Knicks,NYK,KNICKS
1950,NBA,Philadelphia Warriors,PHW,WARRIORS
1950,NBA,Rochester Royals,ROC,KINGS
1950,NBA,Sheboygan Red Skins,SHE,REDSKINS-SHEBOYGAN
1950,NBA,St. Louis Bombers,STB,BOMBERS
1950,NBA,Syracuse Nationals,SYR,76ERS
1950,NBA,Tri-Cities Blackhawks,TRI,HAWKS
1950,NBA,Washington Capitols,WSC,CAPITOLS
1950,NBA,Waterloo Hawks,WAT,WATERLOO-HAWKS
1951,NBA,Baltimore Bullets,BLB,BULLETS-DEFUNCT
1951,NBA,Boston Celtics,BOS,CELTICS
1951,NBA,Fort Wayne Pistons,FTW,PISTONS
1951,NBA,Indianapolis Olympians,INO,OLYMPIANS
1951,NBA,Minneapolis Lakers,MNL,LAKERS
1951,NBA,New York Knicks,NYK,KNICKS
1951,NBA,Philadelphia Warriors,PHW,WARRIORS
1951,NBA,Rochester Royals,ROC,KINGS
1951,NBA,Syracuse Nationals,SYR,76ERS
1951,NBA,Tri-Cities Blackhawks,TRI,HAWKS
1951,NBA,Washington Capitols,WSC,CAPITOLS
1952,NBA,Baltimore Bullets,BLB,BULLETS-DEFUNCT
1952,NBA,Boston Celtics,BOS,CELTICS
1952,NBA,Fort Wayne Pistons,FTW,PISTONS
1952,NBA,Indianapolis Olympians,INO,OLYMPIANS
1952,NBA,Milwaukee Hawks,MLH,HAWKS
1952,NBA,Minneapolis Lakers,MNL,LAKERS
1952,NBA,New York Knicks,NYK,KNICKS
1952,NBA,Philadelphia Warriors,PHW,WARRIORS
1952,NBA,Rochester Royals,ROC,KINGS
1952,NBA,Syracuse Nationals,SYR,76ERS
1953,NBA,Baltimore Bullets,BLB,BULLETS-DEFUNCT
1953,NBA,Boston Celtics,BOS,CELTICS
1953,NBA,Fort Wayne Pistons,FTW,PISTONS
1953,NBA,Indianapolis Olympians,INO,OLYMPIANS
1953,NBA,Milwaukee Hawks,MLH,HAWKS
1953,NBA,Minneapolis Lakers,MNL,LAKERS
1953,NBA,New York Knicks,NYK,KNICKS
1953,NBA,Philadelphia Warriors,PHW,WARRIORS
1953,NBA,Rochester Royals,ROC,KINGS
1953,NBA,Syracuse Nationals,SYR,76ERS
1954,NBA,Baltimore Bullets,BLB,BULLETS-DEFUNCT
1954,NBA,Boston Celtics,BOS,CELTICS
1954,NBA,Fort Wayne Pistons,FTW,PISTONS
1954,NBA,Milwaukee Hawks,MLH,HAWKS
1954,NBA,Minneapolis Lakers,MNL,LAKERS
1954,NBA,New York Knicks,NYK,KNICKS
1954,NBA,Philadelphia Warriors,PHW,WARRIORS
1954,NBA,Rochester Royals,ROC,KINGS
1954,NBA,Syracuse Nationals,SYR,76ERS
1955,NBA,Baltimore Bullets,BLB,BULLETS-DEFUNCT
1955,NBA,Boston Celtics,BOS,CELTICS
1955,NBA,Fort Wayne Pistons,FTW,PISTONS
1955,NBA,Milwaukee Hawks,MLH,HAWKS
1955,NBA,Minneapolis Lakers,MNL,LAKERS
1955,NBA,New York Knicks,NYK,KNICKS
1955,NBA,Philadelphia Warriors,PHW,WARRIORS
1955,NBA,Rochester Royals,ROC,KINGS
1955,NBA,Syracuse Nationals,SYR,76ERS
1956,NBA,Boston Celtics,BOS,CELTICS
1956,NBA,Fort Wayne Pistons,FTW,PISTONS
1956,NBA,Minneapolis Lakers,MNL,LAKERS
1956,NBA,New York Knicks,NYK,KNICKS
1956,NBA,Philadelphia Warriors,PHW,WARRIORS
1956,NBA,Rochester Royals,ROC,KINGS
1956,NBA,St. Louis Hawks,STL,HAWKS
1956,NBA,Syracuse Nationals,SYR,76ERS
1957,NBA,Boston Celtics,BOS,CELTICS
1957,NBA,Fort Wayne Pistons,FTW,PISTONS
1957,NBA,Minneapolis Lakers,MNL,LAKERS
1957,NBA,New York Knicks,NYK,KNICKS
1957,NBA,Philadelphia Warriors,PHW,WARRIORS
1957,NBA,Rochester Royals,ROC,KINGS
1957,NBA,St. Louis Hawks,STL,HAWKS
1957,NBA,Syracuse Nationals,SYR,76ERS
1958,NBA,Boston Celtics,BOS,CELTICS
1958,NBA,Cincinnati Royals,CIN,KINGS
1958,NBA,Detroit Pistons,DET,PISTONS
1958,NBA,Minneapolis Lakers,MNL,LAKERS
1958,NBA,New York Knicks,NYK,KNICKS
1958,NBA,Philadelphia Warriors,PHW,WARRIORS
1958,NBA,St. Louis Hawks,STL,HAWKS
1958,NBA,Syracuse Nationals,SYR,76ERS
1959,NBA,Boston Celtics,BOS,CELTICS
1959,NBA,Cincinnati Royals,CIN,KINGS
1959,NBA,Detroit Pistons,DET,PISTONS
1959,NBA,Minneapolis Lakers,MNL,LAKERS
1959,NBA,New York Knicks,NYK,KNICKS
1959,NBA,Philadelphia Warriors,PHW,WARRIORS
1959,NBA,St. Louis Hawks,STL,HAWKS
1959,NBA,Syracuse Nationals,SYR,76ERS
1960,NBA,Boston Celtics,BOS,CELTICS
1960,NBA,Cincinnati Royals,CIN,KINGS
1960,NBA,Detroit Pistons,DET,PISTONS
1960,NBA,Minneapolis Lakers,MNL,LAKERS
1960,NBA,New York Knicks,NYK,KNICKS
1960,NBA,Philadelphia Warriors,PHW,WARRIORS
1960,NBA,St. Louis Hawks,STL,HAWKS
1960,NBA,Syracuse Nationals,SYR,76ERS
1961,NBA,Boston Celtics,BOS,CELTICS
1961,NBA,Cincinnati Royals,CIN,KINGS
1961,NBA,Detroit Pistons,DET,PISTONS
1961,NBA,Los Angeles Lakers,LAL,LAKERS
1961,NBA,New York Knicks,NYK,KNICKS
1961,NBA,Philadelphia Warriors,PHW,WARRIORS
1961,NBA,St. Louis Hawks,STL,HAWKS
1961,NBA,Syracuse Nationals,SYR,76ERS
1962,NBA,Boston Celtics,BOS,CELTICS
1962,NBA,Chicago Packers,CHP,WIZARDS
1962,NBA,Cincinnati Royals,CIN,KINGS
1962,NBA,Detroit Pistons,DET,PISTONS
1962,NBA,Los Angeles Lakers,LAL,LAKERS
1962,NBA,New York Knicks,NYK,KNICKS
1962,NBA,Philadelphia Warriors,PHW,WARRIORS
1962,NBA,St. Louis Hawks,STL,HAWKS
1962,NBA,Syracuse Nationals,SYR,76ERS
1963,NBA,Boston Celtics,BOS,CELTICS
1963,NBA,Chicago Zephyrs,CHZ,WIZARDS
1963,NBA,Cincinnati Royals,CIN,KINGS
1963,NBA,Detroit Pistons,DET,PISTONS
1963,NBA,Los Angeles Lakers,LAL,LAKERS
1963,NBA,New York Knicks,NYK,KNICKS
1963,NBA,San Francisco Warriors,SFW,WARRIORS
1963,NBA,St. Louis Hawks,STL,HAWKS
1963,NBA,Syracuse Nationals,SYR,76ERS
1964,NBA,Baltimore Bullets,BAL,WIZARDS
1964,NBA,Boston Celtics,BOS,CELTICS
1964,NBA,Cincinnati Royals,CIN,KINGS
1964,NBA,Detroit Pistons,DET,PISTONS
1964,NBA,Los Angeles Lakers,LAL,LAKERS
1964,NBA,New York Knicks,NYK,KNICKS
1964,NBA,Philadelphia 76ers,PHI,76ERS
1964,NBA,San Francisco Warriors,SFW,WARRIORS
1964,NBA,St. Louis Hawks,STL,HAWKS
1965,NBA,Baltimore Bullets,BAL,WIZARDS
1965,NBA,Boston Celtics,BOS,CELTICS
1965,NBA,Cincinnati Royals,CIN,KINGS
1965,NBA,Detroit Pistons,DET,PISTONS
1965,NBA,Los Angeles Lakers,LAL,LAKERS
1965,NBA,New York Knicks,NYK,KNICKS
1965,NBA,Philadelphia 76ers,PHI,76ERS
1965,NBA,San Francisco Warriors,SFW,WARRIORS
1965,NBA,St. Louis Hawks,STL,HAWKS
1966,NBA,Baltimore Bullets,BAL,WIZARDS
1966,NBA,Boston Celtics,BOS,CELTICS
1966,NBA,Cincinnati Royals,CIN,KINGS
1966,NBA,Detroit Pistons,DET,PISTONS
1966,NBA,Los Angeles Lakers,LAL,LAKERS
1966,NBA,New York Knicks,NYK,KNICKS
1966,NBA,Philadelphia 76ers,PHI,76ERS
1966,NBA,San Francisco Warriors,SFW,WARRIORS
1966,NBA,St. Louis Hawks,STL,HAWKS
1967,NBA,Baltimore Bullets,BAL,WIZARDS
1967,NBA,Boston Celtics,BOS,CELTICS
1967,NBA,Chicago Bulls,CHI,BULLS
1967,NBA,Cincinnati Royals,CIN,KINGS
1967,NBA,Detroit Pistons,DET,PISTONS
1967,NBA,Los Angeles Lakers,LAL,LAKERS
1967,NBA,New York Knicks,NYK,KNICKS
1967,NBA,Philadelphia 76ers,PHI,76ERS
1967,NBA,San Francisco Warriors,SFW,WARRIORS
1967,NBA,St. Louis Hawks,STL,HAWKS
1968,ABA,Anaheim Amigos,ANA,ABA-AMIGOS
1968,ABA,Dallas Chaparrals,DLC,SPURS
1968,ABA,Denver Rockets,DNR,NUGGETS
1968,ABA,Houston Mavericks,HSM,ABA-MAVERICKS-COUGARS-SPIRITS
1968,ABA,Indiana Pacers,INA,PACERS
1968,ABA,Kentucky Colonels,KEN,ABA-COLONELS
1968,ABA,Minnesota Muskies,MNM,ABA-MUSKIES-FLORIDIANS
1968,ABA,New Jersey Americans,NJA,NETS
1968,ABA,New Orleans Buccaneers,NOB,ABA-BUCCANEERS-MEMPHIS
1968,ABA,Oakland Oaks,OAK,ABA-OAKS-CAPS-SQUIRES
1968,ABA,Pittsburgh Pipers,PTP,ABA-PIPER-CONDOR
1968,NBA,Baltimore Bullets,BAL,WIZARDS
1968,NBA,Boston Celtics,BOS,CELTICS
1968,NBA,Chicago Bulls,CHI,BULLS
1968,NBA,Cincinnati Royals,CIN,KINGS
1968,NBA,Detroit Pistons,DET,PISTONS
1968,NBA,Los Angeles Lakers,LAL,LAKERS
1968,NBA,New York Knicks,NYK,KNICKS
1968,NBA,Philadelphia 76ers,PHI,76ERS
1968,NBA,San Diego Rockets,SDR,ROCKETS
1968,NBA,San Francisco Warriors,SFW,WARRIORS
1968,NBA,Seattle SuperSonics,SEA,THUNDER
1968,NBA,St. Louis Hawks,STL,HAWKS
1969,ABA,Dallas Chaparrals,DLC,SPURS
1969,ABA,Denver Rockets,DNR,NUGGETS
1969,ABA,Houston Mavericks,HSM,ABA-MAVERICKS-COUGARS-SPIRITS
1969,ABA,Indiana Pacers,INA,PACERS
1969,ABA,Kentucky Colonels,KEN,ABA-COLONELS
1969,ABA,Los Angeles Stars,LAS,ABA-STARS
1969,ABA,Miami Floridians,MMF,ABA-MUSKIES-FLORIDIANS
1969,ABA,Minnesota Pipers,MNP,ABA-PIPER-CONDOR
1969,ABA,New Orleans Buccaneers,NOB,ABA-BUCCANEERS-MEMPHIS
1969,ABA,New York Nets,NYA,NETS
1969,ABA,Oakland Oaks,OAK,ABA-OAKS-CAPS-SQUIRES
1969,NBA,Atlanta Hawks,ATL,HAWKS
1969,NBA,Baltimore Bullets,BAL,WIZARDS
1969,NBA,Boston Celtics,BOS,CELTICS
1969,NBA,Chicago Bulls,CHI,BULLS
1969,NBA,Cincinnati Royals,CIN,KINGS
1969,NBA,Detroit Pistons,DET,PISTONS
1969,NBA,Los Angeles Lakers,LAL,LAKERS
1969,NBA,Milwaukee Bucks,MIL,BUCKS
1969,NBA,New York Knicks,NYK,KNICKS
1969,NBA,Philadelphia 76ers,PHI,76ERS
1969,NBA,Phoenix Suns,PHO,SUNS
1969,NBA,San Diego Rockets,SDR,ROCKETS
1969,NBA,San Francisco Warriors,SFW,WARRIORS
1969,NBA,Seattle SuperSonics,SEA,THUNDER
1970,ABA,Carolina Cougars,CAR,ABA-MAVERICKS-COUGARS-SPIRITS
1970,ABA,Dallas Chaparrals,DLC,SPURS
1970,ABA,Denver Rockets,DNR,NUGGETS
1970,ABA,Indiana Pacers,INA,PACERS
1970,ABA,Kentucky Colonels,KEN,ABA-COLONELS
1970,ABA,Los Angeles Stars,LAS,ABA-STARS
1970,ABA,Miami Floridians,MMF,ABA-MUSKIES-FLORIDIANS
1970,ABA,New Orleans Buccaneers,NOB,ABA-BUCCANEERS-MEMPHIS
1970,ABA,New York Nets,NYA,NETS
1970,ABA,Pittsburgh Pipers,PTP,ABA-PIPER-CONDOR
1970,ABA,Washington Capitols,WSA,ABA-OAKS-CAPS-SQUIRES
1970,NBA,Atlanta Hawks,ATL,HAWKS
1970,NBA,Baltimore Bullets,BAL,WIZARDS
1970,NBA,Boston Celtics,BOS,CELTICS
1970,NBA,Chicago Bulls,CHI,BULLS
1970,NBA,Cincinnati Royals,CIN,KINGS
1970,NBA,Detroit Pistons,DET,PISTONS
1970,NBA,Los Angeles Lakers,LAL,LAKERS
1970,NBA,Milwaukee Bucks,MIL,BUCKS
1970,NBA,New York Knicks,NYK,KNICKS
1970,NBA,Philadelphia 76ers,PHI,76ERS
1970,NBA,Phoenix Suns,PHO,SUNS
1970,NBA,San Diego Rockets,SDR,ROCKETS
1970,NBA,San Francisco Warriors,SFW,WARRIORS
1970,NBA,Seattle SuperSonics,SEA,THUNDER
1971,ABA,Carolina Cougars,CAR,ABA-MAVERICKS-COUGARS-SPIRITS
1971,ABA,Denver Rockets,DNR,NUGGETS
1971,ABA,Indiana Pacers,INA,PACERS
1971,ABA,Kentucky Colonels,KEN,ABA-COLONELS
1971,ABA,Memphis Pros,MMP,ABA-BUCCANEERS-MEMPHIS
1971,ABA,New York Nets,NYA,NETS
1971,ABA,Pittsburgh Condors,PTC,ABA-PIPER-CONDOR
1971,ABA,Texas Chaparrals,TEX,SPURS
1971,ABA,The Floridians,FLO,ABA-MUSKIES-FLORIDIANS
1971,ABA,Utah Stars,UTS,ABA-STARS
1971,ABA,Virginia Squires,VIR,ABA-OAKS-CAPS-SQUIRES
1971,NBA,Atlanta Hawks,ATL,HAWKS
1971,NBA,Baltimore Bullets,BAL,WIZARDS
1971,NBA,Boston Celtics,BOS,CELTICS
1971,NBA,Buffalo Braves,BUF,CLIPPERS
1971,NBA,Chicago Bulls,CHI,BULLS
1971,NBA,Cincinnati Royals,CIN,KINGS
1971,NBA,Cleveland Cavaliers,CLE,CAVALIERS
1971,NBA,Detroit Pistons,DET,PISTONS
1971,NBA,Los Angeles Lakers,LAL,LAKERS
1971,NBA,Milwaukee Bucks,MIL,BUCKS
1971,NBA,New York Knicks,NYK,KNICKS
1971,NBA,Philadelphia 76ers,PHI,76ERS
1971,NBA,Phoenix Suns,PHO,SUNS
1971,NBA,Portland Trail Blazers,POR,TRAIL BLAZERS
1971,NBA,San Diego Rockets,SDR,ROCKETS
1971,NBA,San Francisco Warriors,SFW,WARRIORS
1971,NBA,Seattle SuperSonics,SEA,THUNDER
1972,ABA,Carolina Cougars,CAR,ABA-MAVERICKS-COUGARS-SPIRITS
1972,ABA,Dallas Chaparrals,DLC,SPURS
1972,ABA,Denver Rockets,DNR,NUGGETS
1972,ABA,Indiana Pacers,INA,PACERS
1972,ABA,Kentucky Colonels,KEN,ABA-COLONELS
1972,ABA,Memphis Pros,MMP,ABA-BUCCANEERS-MEMPHIS
1972,ABA,New York Nets,NYA,NETS
1972,ABA,Pittsburgh Condors,PTC,ABA-PIPER-CONDOR
1972,ABA,The Floridians,FLO,ABA-MUSKIES-FLORIDIANS
1972,ABA,Utah Stars,UTS,ABA-STARS
1972,ABA,Virginia Squires,VIR,ABA-OAKS-CAPS-SQUIRES
1972,NBA,Atlanta Hawks,ATL,HAWKS
1972,NBA,Baltimore Bullets,BAL,WIZARDS
1972,NBA,Boston Celtics,BOS,CELTICS
1972,NBA,Buffalo Braves,BUF,CLIPPERS
1972,NBA,Chicago Bulls,CHI,BULLS
1972,NBA,Cincinnati Royals,CIN,KINGS
1972,NBA,Cleveland Cavaliers,CLE,CAVALIERS
1972,NBA,Detroit Pistons,DET,PISTONS
1972,NBA,Golden State Warriors,GSW,WARRIORS
1972,NBA,Houston Rockets,HOU,ROCKETS
1972,NBA,Los Angeles Lakers,LAL,LAKERS
1972,NBA,Milwaukee Bucks,MIL,BUCKS
1972,NBA,New York Knicks,NYK,KNICKS
1972,NBA,Philadelphia 76ers,PHI,76ERS
1972,NBA,Phoenix Suns,PHO,SUNS
1972,NBA,Portland Trail Blazers,POR,TRAIL BLAZERS
1972,NBA,Seattle SuperSonics,SEA,THUNDER
1973,ABA,Carolina Cougars,CAR,ABA-MAVERICKS-COUGARS-SPIRITS
1973,ABA,Dallas Chaparrals,DLC,SPURS
1973,ABA,Denver Rockets,DNR,NUGGETS
1973,ABA,Indiana Pacers,INA,PACERS
1973,ABA,Kentucky Colonels,KEN,ABA-COLONELS
1973,ABA,Memphis Tams,MMT,ABA-BUCCANEERS-MEMPHIS
1973,ABA,New York Nets,NYA,NETS
1973,ABA,San Diego Conquistadors,SDA,ABA-CONQUISTADORS
1973,ABA,Utah Stars,UTS,ABA-STARS
1973,ABA,Virginia Squires,VIR,ABA-OAKS-CAPS-SQUIRES
1973,NBA,Atlanta Hawks,ATL,HAWKS
1973,NBA,Baltimore Bullets,BAL,WIZARDS
1973,NBA,Boston Celtics,BOS,CELTICS
1973,NBA,Buffalo Braves,BUF,CLIPPERS
1973,NBA,Chicago Bulls,CHI,BULLS
1973,NBA,Cleveland Cavaliers,CLE,CAVALIERS
1973,NBA,Detroit Pistons,DET,PISTONS
1973,NBA,Golden State Warriors,GSW,WARRIORS
1973,NBA,Houston Rockets,HOU,ROCKETS
1973,NBA,Kansas City-Omaha Kings,KCO,KINGS
1973,NBA,Los Angeles Lakers,LAL,LAKERS
1973,NBA,Milwaukee Bucks,MIL,BUCKS
1973,NBA,New York Knicks,NYK,KNICKS
1973,NBA,Philadelphia 76ers,PHI,76ERS
1973,NBA,Phoenix Suns,PHO,SUNS
1973,NBA,Portland Trail Blazers,POR,TRAIL BLAZERS
1973,NBA,Seattle SuperSonics,SEA,THUNDER
1974,ABA,Carolina Cougars,CAR,ABA-MAVERICKS-COUGARS-SPIRITS
1974,ABA,Denver Rockets,DNR,NUGGETS
1974,ABA,Indiana Pacers,INA,PACERS
1974,ABA,Kentucky Colonels,KEN,ABA-COLONELS
1974,ABA,Memphis Tams,MMT,ABA-BUCCANEERS-MEMPHIS
1974,ABA,New York Nets,NYA,NETS
1974,ABA,San Antonio Spurs,SAA,SPURS
1974,ABA,San Diego Conquistadors,SDA,ABA-CONQUISTADORS
1974,ABA,Utah Stars,UTS,ABA-STARS
1974,ABA,Virginia Squires,VIR,ABA-OAKS-CAPS-SQUIRES
1974,NBA,Atlanta Hawks,ATL,HAWKS
1974,NBA,Boston Celtics,BOS,CELTICS
1974,NBA,Buffalo Braves,BUF,CLIPPERS
1974,NBA,Capital Bullets,CAP,WIZARDS
1974,NBA,Chicago Bulls,CHI,BULLS
1974,NBA,Cleveland Cavaliers,CLE,CAVALIERS
1974,NBA,Detroit Pistons,DET,PISTONS
1974,NBA,Golden State Warriors,GSW,WARRIORS
1974,NBA,Houston Rockets,HOU,ROCKETS
1974,NBA,Kansas City-Omaha Kings,KCO,KINGS
1974,NBA,Los Angeles Lakers,LAL,LAKERS
1974,NBA,Milwaukee Bucks,MIL,BUCKS
1974,NBA,New York Knicks,NYK,KNICKS
1974,NBA,Philadelphia 76ers,PHI,76ERS
1974,NBA,Phoenix Suns,PHO,SUNS
1974,NBA,Portland Trail Blazers,POR,TRAIL BLAZERS
1974,NBA,Seattle SuperSonics,SEA,THUNDER
1975,ABA,Denver Nuggets,DNA,NUGGETS
1975,ABA,Indiana Pacers,INA,PACERS
1975,ABA,Kentucky Colonels,KEN,ABA-COLONELS
1975,ABA,Memphis Sounds,MMS,ABA-BUCCANEERS-MEMPHIS
1975,ABA,New York Nets,NYA,NETS
1975,ABA,San Antonio Spurs,SAA,SPURS
1975,ABA,San Diego Conquistadors,SDA,ABA-CONQUISTADORS
1975,ABA,Spirits of St. Louis,SSL,ABA-MAVERICKS-COUGARS-SPIRITS
1975,ABA,Utah Stars,UTS,ABA-STARS
1975,ABA,Virginia Squires,VIR,ABA-OAKS-CAPS-SQUIRES
1975,NBA,Atlanta Hawks,ATL,HAWKS
1975,NBA,Boston Celtics,BOS,CELTICS
1975,NBA,Buffalo Braves,BUF,CLIPPERS
1975,NBA,Chicago Bulls,CHI,BULLS
1975,NBA,Cleveland Cavaliers,CLE,CAVALIERS
1975,NBA,Detroit Pistons,DET,PISTONS
1975,NBA,Golden State Warriors,GSW,WARRIORS
1975,NBA,Houston Rockets,HOU,ROCKETS
1975,NBA,Kansas City-Omaha Kings,KCO,KINGS
1975,NBA,Los Angeles Lakers,LAL,LAKERS
1975,NBA,Milwaukee Bucks,MIL,BUCKS
1975,NBA,New Orleans Jazz,NOJ,JAZZ
1975,NBA,New York Knicks,NYK,KNICKS
1975,NBA,Philadelphia 76ers,PHI,76ERS
1975,NBA,Phoenix Suns,PHO,SUNS
1975,NBA,Portland Trail Blazers,POR,TRAIL BLAZERS
1975,NBA,Seattle SuperSonics,SEA,THUNDER
1975,NBA,Washington Bullets,WSB,WIZARDS
1976,ABA,Denver Nuggets,DNA,NUGGETS
1976,ABA,Indiana Pacers,INA,PACERS
1976,ABA,Kentucky Colonels,KEN,ABA-COLONELS
1976,ABA,New York Nets,NYA,NETS
1976,ABA,San Antonio Spurs,SAA,SPURS
1976,ABA,San Diego Sails,SDS,ABA-CONQUISTADORS
1976,ABA,Spirits of St. Louis,SSL,ABA-MAVERICKS-COUGARS-SPIRITS
1976,ABA,Utah Stars,UTS,ABA-STARS
1976,ABA,Virginia Squires,VIR,ABA-OAKS-CAPS-SQUIRES
1976,NBA,Atlanta Hawks,ATL,HAWKS
1976,NBA,Boston Celtics,BOS,CELTICS
1976,NBA,Buffalo Braves,BUF,CLIPPERS
1976,NBA,Chicago Bulls,CHI,BULLS
1976,NBA,Cleveland Cavaliers,CLE,CAVALIERS
1976,NBA,Detroit Pistons,DET,PISTONS
1976,NBA,Golden State Warriors,GSW,WARRIORS
1976,NBA,Houston Rockets,HOU,ROCKETS
1976,NBA,Kansas City Kings,KCK,KINGS
1976,NBA,Los Angeles Lakers,LAL,LAKERS
1976,NBA,Milwaukee Bucks,MIL,BUCKS
1976,NBA,New Orleans Jazz,NOJ,JAZZ
1976,NBA,New York Knicks,NYK,KNICKS
1976,NBA,Philadelphia 76ers,PHI,76ERS
1976,NBA,Phoenix Suns,PHO,SUNS
1976,NBA,Portland Trail Blazers,POR,TRAIL BLAZERS
1976,NBA,Seattle SuperSonics,SEA,THUNDER
1976,NBA,Washington Bullets,WSB,WIZARDS
1977,NBA,Atlanta Hawks,ATL,HAWKS
1977,NBA,Boston Celtics,BOS,CELTICS
1977,NBA,Buffalo Braves,BUF,CLIPPERS
1977,NBA,Chicago Bulls,CHI,BULLS
1977,NBA,Cleveland Cavaliers,CLE,CAVALIERS
1977,NBA,Denver Nuggets,DEN,NUGGETS
1977,NBA,Detroit Pistons,DET,PISTONS
1977,NBA,Golden State Warriors,GSW,WARRIORS
1977,NBA,Houston Rockets,HOU,ROCKETS
1977,NBA,Indiana Pacers,IND,PACERS
1977,NBA,Kansas City Kings,KCK,KINGS
1977,NBA,Los Angeles Lakers,LAL,LAKERS
1977,NBA,Milwaukee Bucks,MIL,BUCKS
1977,NBA,New Orleans Jazz,NOJ,JAZZ
1977,NBA,New York Knicks,NYK,KNICKS
1977,NBA,New York Nets,NYN,NETS
1977,NBA,Philadelphia 76ers,PHI,76ERS
1977,NBA,Phoenix Suns,PHO,SUNS
1977,NBA,Portland Trail Blazers,POR,TRAIL BLAZERS
1977,NBA,San Antonio Spurs,SAS,SPURS
1977,NBA,Seattle SuperSonics,SEA,THUNDER
1977,NBA,Washington Bullets,WSB,WIZARDS
1978,NBA,Atlanta Hawks,ATL,HAWKS
1978,NBA,Boston Celtics,BOS,CELTICS
1978,NBA,Buffalo Braves,BUF,CLIPPERS
1978,NBA,Chicago Bulls,CHI,BULLS
1978,NBA,Cleveland Cavaliers,CLE,CAVALIERS
1978,NBA,Denver Nuggets,DEN,NUGGETS
1978,NBA,Detroit Pistons,DET,PISTONS
1978,NBA,Golden State Warriors,GSW,WARRIORS
1978,NBA,Houston Rockets,HOU,ROCKETS
1978,NBA,Indiana Pacers,IND,PACERS
1978,NBA,Kansas City Kings,KCK,KINGS
1978,NBA,Los Angeles Lakers,LAL,LAKERS
1978,NBA,Milwaukee Bucks,MIL,BUCKS
1978,NBA,New Jersey Nets,NJN,NETS
1978,NBA,New Orleans Jazz,NOJ,JAZZ
1978,NBA,New York Knicks,NYK,KNICKS
1978,NBA,Philadelphia 76ers,PHI,76ERS
1978,NBA,Phoenix Suns,PHO,SUNS
1978,NBA,Portland Trail Blazers,POR,TRAIL BLAZERS
1978,NBA,San Antonio Spurs,SAS,SPURS
1978,NBA,Seattle SuperSonics,SEA,THUNDER
1978,NBA,Washington Bullets,WSB,WIZARDS
1979,NBA,Atlanta Hawks,ATL,HAWKS
1979,NBA,Boston Celtics,BOS,CELTICS
1979,NBA,Chicago Bulls,CHI,BULLS
1979,NBA,Cleveland Cavaliers,CLE,CAVALIERS
1979,NBA,Denver Nuggets,DEN,NUGGETS
1979,NBA,Detroit Pistons,DET,PISTONS
1979,NBA,Golden State Warriors,GSW,WARRIORS
1979,NBA,Houston Rockets,HOU,ROCKETS
1979,NBA,Indiana Pacers,IND,PACERS
1979,NBA,Kansas City Kings,KCK,KINGS
1979,NBA,Los Angeles Lakers,LAL,LAKERS
1979,NBA,Milwaukee Bucks,MIL,BUCKS
1979,NBA,New Jersey Nets,NJN,NETS
1979,NBA,New Orleans Jazz,NOJ,JAZZ
1979,NBA,New York Knicks,NYK,KNICKS
1979,NBA,Philadelphia 76ers,PHI,76ERS
1979,NBA,Phoenix Suns,PHO,SUNS
1979,NBA,Portland Trail Blazers,POR,TRAIL BLAZERS
1979,NBA,San Antonio Spurs,SAS,SPURS
1979,NBA,San Diego Clippers,SDC,CLIPPERS
1979,NBA,Seattle SuperSonics,SEA,THUNDER
1979,NBA,Washington Bullets,WSB,WIZARDS
1980,NBA,Atlanta Hawks,ATL,HAWKS
1980,NBA,Boston Celtics,BOS,CELTICS
1980,NBA,Chicago Bulls,CHI,BULLS
1980,NBA,Cleveland Cavaliers,CLE,CAVALIERS
1980,NBA,Denver Nuggets,DEN,NUGGETS
1980,NBA,Detroit Pistons,DET,PISTONS
1980,NBA,Golden State Warriors,GSW,WARRIORS
1980,NBA,Houston Rockets,HOU,ROCKETS
1980,NBA,Indiana Pacers,IND,PACERS
1980,NBA,Kansas City Kings,KCK,KINGS
1980,NBA,Los Angeles Lakers,LAL,LAKERS
1980,NBA,Milwaukee Bucks,MIL,BUCKS
1980,NBA,New Jersey Nets,NJN,NETS
1980,NBA,New York Knicks,NYK,KNICKS
1980,NBA,Philadelphia 76ers,PHI,76ERS
1980,NBA,Phoenix Suns,PHO,SUNS
1980,NBA,Portland Trail Blazers,POR,TRAIL BLAZERS
1980,NBA,San Antonio Spurs,SAS,SPURS
1980,NBA,San Diego Clippers,SDC,CLIPPERS
1980,NBA,Seattle SuperSonics,SEA,THUNDER
1980,NBA,Utah Jazz,UTA,JAZZ
1980,NBA,Washington Bullets,WSB,WIZARDS
1981,NBA,Atlanta Hawks,ATL,HAWKS
1981,NBA,Boston Celtics,BOS,CELTICS
1981,NBA,Chicago Bulls,CHI,BULLS
1981,NBA,Cleveland Cavaliers,CLE,CAVALIERS
1981,NBA,Dallas Mavericks,DAL,MAVERICKS
1981,NBA,Denver Nuggets,DEN,NUGGETS
1981,NBA,Detroit Pistons,DET,PISTONS
1981,NBA,Golden State Warriors,GSW,WARRIORS
1981,NBA,Houston Rockets,HOU,ROCKETS
1981,NBA,Indiana Pacers,IND,PACERS
1981,NBA,Kansas City Kings,KCK,KINGS
1981,NBA,Los Angeles Lakers,LAL,LAKERS
1981,NBA,Milwaukee Bucks,MIL,BUCKS
1981,NBA,New Jersey Nets,NJN,NETS
1981,NBA,New York Knicks,NYK,KNICKS
1981,NBA,Philadelphia 76ers,PHI,76ERS
1981,NBA,Phoenix Suns,PHO,SUNS
1981,NBA,Portland Trail Blazers,POR,TRAIL BLAZERS
1981,NBA,San Antonio Spurs,SAS,SPURS
1981,NBA,San Diego Clippers,SDC,CLIPPERS
1981,NBA,Seattle SuperSonics,SEA,THUNDER
1981,NBA,Utah Jazz,UTA,JAZZ
1981,NBA,Washington Bullets,WSB,WIZARDS
1982,NBA,Atlanta Hawks,ATL,HAWKS
1982,NBA,Boston Celtics,BOS,CELTICS
1982,NBA,Chicago Bulls,CHI,BULLS
1982,NBA,Cleveland Cavaliers,CLE,CAVALIERS
1982,NBA,Dallas Mavericks,DAL,MAVERICKS
1982,NBA,Denver Nuggets,DEN,NUGGETS
1982,NBA,Detroit Pistons,DET,PISTONS
1982,NBA,Golden State Warriors,GSW,WARRIORS
1982,NBA,Houston Rockets,HOU,ROCKETS
1982,NBA,Indiana Pacers,IND,PACERS
1982,NBA,Kansas City Kings,KCK,KINGS
1982,NBA,Los Angeles Lakers,LAL,LAKERS
1982,NBA,Milwaukee Bucks,MIL,BUCKS
1982,NBA,New Jersey Nets,NJN,NETS
1982,NBA,New York Knicks,NYK,KNICKS
1982,NBA,Philadelphia 76ers,PHI,76ERS
1982,NBA,Phoenix Suns,PHO,SUNS
1982,NBA,Portland Trail Blazers,POR,TRAIL BLAZERS
1982,NBA,San Antonio Spurs,SAS,SPURS
1982,NBA,San Diego Clippers,SDC,CLIPPERS
1982,NBA,Seattle SuperSonics,SEA,THUNDER
1982,NBA,Utah Jazz,UTA,JAZZ
1982,NBA,Washington Bullets,WSB,WIZARDS
1983,NBA,Atlanta Hawks,ATL,HAWKS
1983,NBA,Boston Celtics,BOS,CELTICS
1983,NBA,Chicago Bulls,CHI,BULLS
1983,NBA,Cleveland Cavaliers,CLE,CAVALIERS
1983,NBA,Dallas Mavericks,DAL,MAVERICKS
1983,NBA,Denver Nuggets,DEN,NUGGETS
1983,NBA,Detroit Pistons,DET,PISTONS
1983,NBA,Golden State Warriors,GSW,WARRIORS
1983,NBA,Houston Rockets,HOU,ROCKETS
1983,NBA,Indiana Pacers,IND,PACERS
1983,NBA,Kansas City Kings,KCK,KINGS
1983,NBA,Los Angeles Lakers,LAL,LAKERS
1983,NBA,Milwaukee Bucks,MIL,BUCKS
1983,NBA,New Jersey Nets,NJN,NETS
1983,NBA,New York Knicks,NYK,KNICKS
1983,NBA,Philadelphia 76ers,PHI,76ERS
1983,NBA,Phoenix Suns,PHO,SUNS
1983,NBA,Portland Trail Blazers,POR,TRAIL BLAZERS
1983,NBA,San Antonio Spurs,SAS,SPURS
1983,NBA,San Diego Clippers,SDC,CLIPPERS
1983,NBA,Seattle SuperSonics,SEA,THUNDER
1983,NBA,Utah Jazz,UTA,JAZZ
1983,NBA,Washington Bullets,WSB,WIZARDS
1984,NBA,Atlanta Hawks,ATL,HAWKS
1984,NBA,Boston Celtics,BOS,CELTICS
1984,NBA,Chicago Bulls,CHI,BULLS
1984,NBA,Cleveland Cavaliers,CLE,CAVALIERS
1984,NBA,Dallas Mavericks,DAL,MAVERICKS
1984,NBA,Denver Nuggets,DEN,NUGGETS
1984,NBA,Detroit Pistons,DET,PISTONS
1984,NBA,Golden State Warriors,GSW,WARRIORS
1984,NBA,Houston Rockets,HOU,ROCKETS
1984,NBA,Indiana Pacers,IND,PACERS
1984,NBA,Kansas City Kings,KCK,KINGS
1984,NBA,Los Angeles Lakers,LAL,LAKERS
1984,NBA,Milwaukee Bucks,MIL,BUCKS
1984,NBA,New Jersey Nets,NJN,NETS
1984,NBA,New York Knicks,NYK,KNICKS
1984,NBA,Philadelphia 76ers,PHI,76ERS
1984,NBA,Phoenix Suns,PHO,SUNS
1984,NBA,Portland Trail Blazers,POR,TRAIL BLAZERS
1984,NBA,San Antonio Spurs,SAS,SPURS
1984,NBA,San Diego Clippers,SDC,CLIPPERS
1984,NBA,Seattle SuperSonics,SEA,THUNDER
1984,NBA,Utah Jazz,UTA,JAZZ
1984,NBA,Washington Bullets,WSB,WIZARDS
1985,NBA,Atlanta Hawks,ATL,HAWKS
1985,NBA,Boston Celtics,BOS,CELTICS
1985,NBA,Chicago Bulls,CHI,BULLS
1985,NBA,Cleveland Cavaliers,CLE,CAVALIERS
1985,NBA,Dallas Mavericks,DAL,MAVERICKS
1985,NBA,Denver Nuggets,DEN,NUGGETS
1985,NBA,Detroit Pistons,DET,PISTONS
1985,NBA,Golden State Warriors,GSW,WARRIORS
1985,NBA,Houston Rockets,HOU,ROCKETS
1985,NBA,Indiana Pacers,IND,PACERS
1985,NBA,Kansas City Kings,KCK,KINGS
1985,NBA,Los Angeles Clippers,LAC,CLIPPERS
1985,NBA,Los Angeles Lakers,LAL,LAKERS
1985,NBA,Milwaukee Bucks,MIL,BUCKS
1985,NBA,New Jersey Nets,NJN,NETS
1985,NBA,New York Knicks,NYK,KNICKS
1985,NBA,Philadelphia 76ers,PHI,76ERS
1985,NBA,Phoenix Suns,PHO,SUNS
1985,NBA,Portland Trail Blazers,POR,TRAIL BLAZERS
1985,NBA,San Antonio Spurs,SAS,SPURS
1985,NBA,Seattle SuperSonics,SEA,THUNDER
1985,NBA,Utah Jazz,UTA,JAZZ
1985,NBA,Washington Bullets,WSB,WIZARDS
1986,NBA,Atlanta Hawks,ATL,HAWKS
1986,NBA,Boston Celtics,BOS,CELTICS
1986,NBA,Chicago Bulls,CHI,BULLS
1986,NBA,Cleveland Cavaliers,CLE,CAVALIERS
1986,NBA,Dallas Mavericks,DAL,MAVERICKS
1986,NBA,Denver Nuggets,DEN,NUGGETS
1986,NBA,Detroit Pistons,DET,PISTONS
1986,NBA,Golden State Warriors,GSW,WARRIORS
1986,NBA,Houston Rockets,HOU,ROCKETS
1986,NBA,Indiana Pacers,IND,PACERS
1986,NBA,Los Angeles Clippers,LAC,CLIPPERS
1986,NBA,Los Angeles Lakers,LAL,LAKERS
1986,NBA,Milwaukee Bucks,MIL,BUCKS
1986,NBA,New Jersey Nets,NJN,NETS
1986,NBA,New York Knicks,NYK,KNICKS
1986,NBA,Philadelphia 76ers,PHI,76ERS
1986,NBA,Phoenix Suns,PHO,SUNS
1986,NBA,Portland Trail Blazers,POR,TRAIL BLAZERS
1986,NBA,Sacramento Kings,SAC,KINGS
1986,NBA,San Antonio Spurs,SAS,SPURS
1986,NBA,Seattle SuperSonics,SEA,THUNDER
1986,NBA,Utah Jazz,UTA,JAZZ
1986,NBA,Washington Bullets,WSB,WIZARDS
1987,NBA,Atlanta Hawks,ATL,HAWKS
1987,NBA,Boston Celtics,BOS,CELTICS
1987,NBA,Chicago Bulls,CHI,BULLS
1987,NBA,Cleveland Cavaliers,CLE,CAVALIERS
1987,NBA,Dallas Mavericks,DAL,MAVERICKS
1987,NBA,Denver Nuggets,DEN,NUGGETS
1987,NBA,Detroit Pistons,DET,PISTONS
1987,NBA,Golden State Warriors,GSW,WARRIORS
1987,NBA,Houston Rockets,HOU,ROCKETS
1987,NBA,Indiana Pacers,IND,PACERS
1987,NBA,Los Angeles Clippers,LAC,CLIPPERS
1987,NBA,Los Angeles Lakers,LAL,LAKERS
1987,NBA,Milwaukee Bucks,MIL,BUCKS
1987,NBA,New Jersey Nets,NJN,NETS
1987,NBA,New York Knicks,NYK,KNICKS
1987,NBA,Philadelphia 76ers,PHI,76ERS
1987,NBA,Phoenix Suns,PHO,SUNS
1987,NBA,Portland Trail Blazers,POR,TRAIL BLAZERS
1987,NBA,Sacramento Kings,SAC,KINGS
1987,NBA,San Antonio Spurs,SAS,SPURS
1987,NBA,Seattle SuperSonics,SEA,THUNDER
1987,NBA,Utah Jazz,UTA,JAZZ
1987,NBA,Washington Bullets,WSB,WIZARDS
1988,NBA,Atlanta Hawks,ATL,HAWKS
1988,NBA,Boston Celtics,BOS,CELTICS
1988,NBA,Chicago Bulls,CHI,BULLS
1988,NBA,Cleveland Cavaliers,CLE,CAVALIERS
1988,NBA,Dallas Mavericks,DAL,MAVERICKS
1988,NBA,Denver Nuggets,DEN,NUGGETS
1988,NBA,Detroit Pistons,DET,PISTONS
1988,NBA,Golden State Warriors,GSW,WARRIORS
1988,NBA,Houston Rockets,HOU,ROCKETS
1988,NBA,Indiana Pacers,IND,PACERS
1988,NBA,Los Angeles Clippers,LAC,CLIPPERS
1988,NBA,Los Angeles Lakers,LAL,LAKERS
1988,NBA,Milwaukee Bucks,MIL,BUCKS
1988,NBA,New Jersey Nets,NJN,NETS
1988,NBA,New York Knicks,NYK,KNICKS
1988,NBA,Philadelphia 76ers,PHI,76ERS
1988,NBA,Phoenix Suns,PHO,SUNS
1988,NBA,Portland Trail Blazers,POR,TRAIL BLAZERS
1988,NBA,Sacramento Kings,SAC,KINGS
1988,NBA,San Antonio Spurs,SAS,SPURS
1988,NBA,Seattle SuperSonics,SEA,THUNDER
1988,NBA,Utah Jazz,UTA,JAZZ
1988,NBA,Washington Bullets,WSB,WIZARDS
1989,NBA,Atlanta Hawks,ATL,HAWKS
1989,NBA,Boston Celtics,BOS,CELTICS
1989,NBA,Charlotte Hornets,CHH,HORNETS-PELICANS
1989,NBA,Chicago Bulls,CHI,BULLS
1989,NBA,Cleveland Cavaliers,CLE,CAVALIERS
1989,NBA,Dallas Mavericks,DAL,MAVERICKS
1989,NBA,Denver Nuggets,DEN,NUGGETS
1989,NBA,Detroit Pistons,DET,PISTONS
1989,NBA,Golden State Warriors,GSW,WARRIORS
1989,NBA,Houston Rockets,HOU,ROCKETS
1989,NBA,Indiana Pacers,IND,PACERS
1989,NBA,Los Angeles Clippers,LAC,CLIPPERS
1989,NBA,Los Angeles Lakers,LAL,LAKERS
1989,NBA,Miami Heat,MIA,HEAT
1989,NBA,Milwaukee Bucks,MIL,BUCKS
1989,NBA,New Jersey Nets,NJN,NETS
1989,NBA,New York Knicks,NYK,KNICKS
1989,NBA,Philadelphia 76ers,PHI,76ERS
1989,NBA,Phoenix Suns,PHO,SUNS
1989,NBA,Portland Trail Blazers,POR,TRAIL BLAZERS
1989,NBA,Sacramento Kings,SAC,KINGS
1989,NBA,San Antonio Spurs,SAS,SPURS
1989,NBA,Seattle SuperSonics,SEA,THUNDER
1989,NBA,Utah Jazz,UTA,JAZZ
1989,NBA,Washington Bullets,WSB,WIZARDS
1990,NBA,Atlanta Hawks,ATL,HAWKS
1990,NBA,Boston Celtics,BOS,CELTICS
1990,NBA,Charlotte Hornets,CHH,HORNETS-PELICANS
1990,NBA,Chicago Bulls,CHI,BULLS
1990,NBA,Cleveland Cavaliers,CLE,CAVALIERS
1990,NBA,Dallas Mavericks,DAL,MAVERICKS
1990,NBA,Denver Nuggets,DEN,NUGGETS
1990,NBA,Detroit Pistons,DET,PISTONS
1990,NBA,Golden State Warriors,GSW,WARRIORS
1990,NBA,Houston Rockets,HOU,ROCKETS
1990,NBA,Indiana Pacers,IND,PACERS
1990,NBA,Los Angeles Clippers,LAC,CLIPPERS
1990,NBA,Los Angeles Lakers,LAL,LAKERS
1990,NBA,Miami Heat,MIA,HEAT
1990,NBA,Milwaukee Bucks,MIL,BUCKS
1990,NBA,Minnesota Timberwolves,MIN,TIMBERWOLVES
1990,NBA,New Jersey Nets,NJN,NETS
1990,NBA,New York Knicks,NYK,KNICKS
1990,NBA,Orlando Magic,ORL,MAGIC
1990,NBA,Philadelphia 76ers,PHI,76ERS
1990,NBA,Phoenix Suns,PHO,SUNS
1990,NBA,Portland Trail Blazers,POR,TRAIL BLAZERS
1990,NBA,Sacramento Kings,SAC,KINGS
1990,NBA,San Antonio Spurs,SAS,SPURS
1990,NBA,Seattle SuperSonics,SEA,THUNDER
1990,NBA,Utah Jazz,UTA,JAZZ
1990,NBA,Washington Bullets,WSB,WIZARDS
1991,NBA,Atlanta Hawks,ATL,HAWKS
1991,NBA,Boston Celtics,BOS,CELTICS
1991,NBA,Charlotte Hornets,CHH,HORNETS-PELICANS
1991,NBA,Chicago Bulls,CHI,BULLS
1991,NBA,Cleveland Cavaliers,CLE,CAVALIERS
1991,NBA,Dallas Mavericks,DAL,MAVERICKS
1991,NBA,Denver Nuggets,DEN,NUGGETS
1991,NBA,Detroit Pistons,DET,PISTONS
1991,NBA,Golden State Warriors,GSW,WARRIORS
1991,NBA,Houston Rockets,HOU,ROCKETS
1991,NBA,Indiana Pacers,IND,PACERS
1991,NBA,Los Angeles Clippers,LAC,CLIPPERS
1991,NBA,Los Angeles Lakers,LAL,LAKERS
1991,NBA,Miami Heat,MIA,HEAT
1991,NBA,Milwaukee Bucks,MIL,BUCKS
1991,NBA,Minnesota Timberwolves,MIN,TIMBERWOLVES
1991,NBA,New Jersey Nets,NJN,NETS
1991,NBA,New York Knicks,NYK,KNICKS
1991,NBA,Orlando Magic,ORL,MAGIC
1991,NBA,Philadelphia 76ers,PHI,76ERS
1991,NBA,Phoenix Suns,PHO,SUNS
1991,NBA,Portland Trail Blazers,POR,TRAIL BLAZERS
1991,NBA,Sacramento Kings,SAC,KINGS
1991,NBA,San Antonio Spurs,SAS,SPURS
1991,NBA,Seattle SuperSonics,SEA,THUNDER
1991,NBA,Utah Jazz,UTA,JAZZ
1991,NBA,Washington Bullets,WSB,WIZARDS
1992,NBA,Atlanta Hawks,ATL,HAWKS
1992,NBA,Boston Celtics,BOS,CELTICS
1992,NBA,Charlotte Hornets,CHH,HORNETS-PELICANS
1992,NBA,Chicago Bulls,CHI,BULLS
1992,NBA,Cleveland Cavaliers,CLE,CAVALIERS
1992,NBA,Dallas Mavericks,DAL,MAVERICKS
1992,NBA,Denver Nuggets,DEN,NUGGETS
1992,NBA,Detroit Pistons,DET,PISTONS
1992,NBA,Golden State Warriors,GSW,WARRIORS
1992,NBA,Houston Rockets,HOU,ROCKETS
1992,NBA,Indiana Pacers,IND,PACERS
1992,NBA,Los Angeles Clippers,LAC,CLIPPERS
1992,NBA,Los Angeles Lakers,LAL,LAKERS
1992,NBA,Miami Heat,MIA,HEAT
1992,NBA,Milwaukee Bucks,MIL,BUCKS
1992,NBA,Minnesota Timberwolves,MIN,TIMBERWOLVES
1992,NBA,New Jersey Nets,NJN,NETS
1992,NBA,New York Knicks,NYK,KNICKS
1992,NBA,Orlando Magic,ORL,MAGIC
1992,NBA,Philadelphia 76ers,PHI,76ERS
1992,NBA,Phoenix Suns,PHO,SUNS
1992,NBA,Portland Trail Blazers,POR,TRAIL BLAZERS
1992,NBA,Sacramento Kings,SAC,KINGS
1992,NBA,San Antonio Spurs,SAS,SPURS
1992,NBA,Seattle SuperSonics,SEA,THUNDER
1992,NBA,Utah Jazz,UTA,JAZZ
1992,NBA,Washington Bullets,WSB,WIZARDS
1993,NBA,Atlanta Hawks,ATL,HAWKS
1993,NBA,Boston Celtics,BOS,CELTICS
1993,NBA,Charlotte Hornets,CHH,HORNETS-PELICANS
1993,NBA,Chicago Bulls,CHI,BULLS
1993,NBA,Cleveland Cavaliers,CLE,CAVALIERS
1993,NBA,Dallas Mavericks,DAL,MAVERICKS
1993,NBA,Denver Nuggets,DEN,NUGGETS
1993,NBA,Detroit Pistons,DET,PISTONS
1993,NBA,Golden State Warriors,GSW,WARRIORS
1993,NBA,Houston Rockets,HOU,ROCKETS
1993,NBA,Indiana Pacers,IND,PACERS
1993,NBA,Los Angeles Clippers,LAC,CLIPPERS
1993,NBA,Los Angeles Lakers,LAL,LAKERS
1993,NBA,Miami Heat,MIA,HEAT
1993,NBA,Milwaukee Bucks,MIL,BUCKS
1993,NBA,Minnesota Timberwolves,MIN,TIMBERWOLVES
1993,NBA,New Jersey Nets,NJN,NETS
1993,NBA,New York Knicks,NYK,KNICKS
1993,NBA,Orlando Magic,ORL,MAGIC
1993,NBA,Philadelphia 76ers,PHI,76ERS
1993,NBA,Phoenix Suns,PHO,SUNS
1993,NBA,Portland Trail Blazers,POR,TRAIL BLAZERS
1993,NBA,Sacramento Kings,SAC,KINGS
1993,NBA,San Antonio Spurs,SAS,SPURS
1993,NBA,Seattle SuperSonics,SEA,THUNDER
1993,NBA,Utah Jazz,UTA,JAZZ
1993,NBA,Washington Bullets,WSB,WIZARDS
1994,NBA,Atlanta Hawks,ATL,HAWKS
1994,NBA,Boston Celtics,BOS,CELTICS
1994,NBA,Charlotte Hornets,CHH,HORNETS-PELICANS
1994,NBA,Chicago Bulls,CHI,BULLS
1994,NBA,Cleveland Cavaliers,CLE,CAVALIERS
1994,NBA,Dallas Mavericks,DAL,MAVERICKS
1994,NBA,Denver Nuggets,DEN,NUGGETS
1994,NBA,Detroit Pistons,DET,PISTONS
1994,NBA,Golden State Warriors,GSW,WARRIORS
1994,NBA,Houston Rockets,HOU,ROCKETS
1994,NBA,Indiana Pacers,IND,PACERS
1994,NBA,Los Angeles Clippers,LAC,CLIPPERS
1994,NBA,Los Angeles Lakers,LAL,LAKERS
1994,NBA,Miami Heat,MIA,HEAT
1994,NBA,Milwaukee Bucks,MIL,BUCKS
1994,NBA,Minnesota Timberwolves,MIN,TIMBERWOLVES
1994,NBA,New Jersey Nets,NJN,NETS
1994,NBA,New York Knicks,NYK,KNICKS
1994,NBA,Orlando Magic,ORL,MAGIC
1994,NBA,Philadelphia 76ers,PHI,76ERS
1994,NBA,Phoenix Suns,PHO,SUNS
1994,NBA,Portland Trail Blazers,POR,TRAIL BLAZERS
1994,NBA,Sacramento Kings,SAC,KINGS
1994,NBA,San Antonio Spurs,SAS,SPURS
1994,NBA,Seattle SuperSonics,SEA,THUNDER
1994,NBA,Utah Jazz,UTA,JAZZ
1994,NBA,Washington Bullets,WSB,WIZARDS
1995,NBA,Atlanta Hawks,ATL,HAWKS
1995,NBA,Boston Celtics,BOS,CELTICS
1995,NBA,Charlotte Hornets,CHH,HORNETS-PELICANS
1995,NBA,Chicago Bulls,CHI,BULLS
1995,NBA,Cleveland Cavaliers,CLE,CAVALIERS
1995,NBA,Dallas Mavericks,DAL,MAVERICKS
1995,NBA,Denver Nuggets,DEN,NUGGETS
1995,NBA,Detroit Pistons,DET,PISTONS
1995,NBA,Golden State Warriors,GSW,WARRIORS
1995,NBA,Houston Rockets,HOU,ROCKETS
1995,NBA,Indiana Pacers,IND,PACERS
1995,NBA,Los Angeles Clippers,LAC,CLIPPERS
1995,NBA,Los Angeles Lakers,LAL,LAKERS
1995,NBA,Miami Heat,MIA,HEAT
1995,NBA,Milwaukee Bucks,MIL,BUCKS
1995,NBA,Minnesota Timberwolves,MIN,TIMBERWOLVES
1995,NBA,New Jersey Nets,NJN,NETS
1995,NBA,New York Knicks,NYK,KNICKS
1995,NBA,Orlando Magic,ORL,MAGIC
1995,NBA,Philadelphia 76ers,PHI,76ERS
1995,NBA,Phoenix Suns,PHO,SUNS
1995,NBA,Portland Trail Blazers,POR,TRAIL BLAZERS
1995,NBA,Sacramento Kings,SAC,KINGS
1995,NBA,San Antonio Spurs,SAS,SPURS
1995,NBA,Seattle SuperSonics,SEA,THUNDER
1995,NBA,Utah Jazz,UTA,JAZZ
1995,NBA,Washington Bullets,WSB,WIZARDS
1996,NBA,Atlanta Hawks,ATL,HAWKS
1996,NBA,Boston Celtics,BOS,CELTICS
1996,NBA,Charlotte Hornets,CHH,HORNETS-PELICANS
1996,NBA,Chicago Bulls,CHI,BULLS
1996,NBA,Cleveland Cavaliers,CLE,CAVALIERS
1996,NBA,Dallas Mavericks,DAL,MAVERICKS
1996,NBA,Denver Nuggets,DEN,NUGGETS
1996,NBA,Detroit Pistons,DET,PISTONS
1996,NBA,Golden State Warriors,GSW,WARRIORS
1996,NBA,Houston Rockets,HOU,ROCKETS
1996,NBA,Indiana Pacers,IND,PACERS
1996,NBA,Los Angeles Clippers,LAC,CLIPPERS
1996,NBA,Los Angeles Lakers,LAL,LAKERS
1996,NBA,Miami Heat,MIA,HEAT
1996,NBA,Milwaukee Bucks,MIL,BUCKS
1996,NBA,Minnesota Timberwolves,MIN,TIMBERWOLVES
1996,NBA,New Jersey Nets,NJN,NETS
1996,NBA,New York Knicks,NYK,KNICKS
1996,NBA,Orlando Magic,ORL,MAGIC
1996,NBA,Philadelphia 76ers,PHI,76ERS
1996,NBA,Phoenix Suns,PHO,SUNS
1996,NBA,Portland Trail Blazers,POR,TRAIL BLAZERS
1996,NBA,Sacramento Kings,SAC,KINGS
1996,NBA,San Antonio Spurs,SAS,SPURS
1996,NBA,Seattle SuperSonics,SEA,THUNDER
1996,NBA,Toronto Raptors,TOR,RAPTORS
1996,NBA,Utah Jazz,UTA,JAZZ
1996,NBA,Vancouver Grizzlies,VAN,GRIZZLIES
1996,NBA,Washington Bullets,WSB,WIZARDS
1997,NBA,Atlanta Hawks,ATL,HAWKS
1997,NBA,Boston Celtics,BOS,CELTICS
1997,NBA,Charlotte Hornets,CHH,HORNETS-PELICANS
1997,NBA,Chicago Bulls,CHI,BULLS
1997,NBA,Cleveland Cavaliers,CLE,CAVALIERS
1997,NBA,Dallas Mavericks,DAL,MAVERICKS
1997,NBA,Denver Nuggets,DEN,NUGGETS
1997,NBA,Detroit Pistons,DET,PISTONS
1997,NBA,Golden State Warriors,GSW,WARRIORS
1997,NBA,Houston Rockets,HOU,ROCKETS
1997,NBA,Indiana Pacers,IND,PACERS
1997,NBA,Los Angeles Clippers,LAC,CLIPPERS
1997,NBA,Los Angeles Lakers,LAL,LAKERS
1997,NBA,Miami Heat,MIA,HEAT
1997,NBA,Milwaukee Bucks,MIL,BUCKS
1997,NBA,Minnesota Timberwolves,MIN,TIMBERWOLVES
1997,NBA,New Jersey Nets,NJN,NETS
1997,NBA,New York Knicks,NYK,KNICKS
1997,NBA,Orlando Magic,ORL,MAGIC
1997,NBA,Philadelphia 76ers,PHI,76ERS
1997,NBA,Phoenix Suns,PHO,SUNS
1997,NBA,Portland Trail Blazers,POR,TRAIL BLAZERS
1997,NBA,Sacramento Kings,SAC,KINGS
1997,NBA,San Antonio Spurs,SAS,SPURS
1997,NBA,Seattle SuperSonics,SEA,THUNDER
1997,NBA,Toronto Raptors,TOR,RAPTORS
1997,NBA,Utah Jazz,UTA,JAZZ
1997,NBA,Vancouver Grizzlies,VAN,GRIZZLIES
1997,NBA,Washington Bullets,WSB,WIZARDS
1998,NBA,Atlanta Hawks,ATL,HAWKS
1998,NBA,Boston Celtics,BOS,CELTICS
1998,NBA,Charlotte Hornets,CHH,HORNETS-PELICANS
1998,NBA,Chicago Bulls,CHI,BULLS
1998,NBA,Cleveland Cavaliers,CLE,CAVALIERS
1998,NBA,Dallas Mavericks,DAL,MAVERICKS
1998,NBA,Denver Nuggets,DEN,NUGGETS
1998,NBA,Detroit Pistons,DET,PISTONS
1998,NBA,Golden State Warriors,GSW,WARRIORS
1998,NBA,Houston Rockets,HOU,ROCKETS
1998,NBA,Indiana Pacers,IND,PACERS
1998,NBA,Los Angeles Clippers,LAC,CLIPPERS
1998,NBA,Los Angeles Lakers,LAL,LAKERS
1998,NBA,Miami Heat,MIA,HEAT
1998,NBA,Milwaukee Bucks,MIL,BUCKS
1998,NBA,Minnesota Timberwolves,MIN,TIMBERWOLVES
1998,NBA,New Jersey Nets,NJN,NETS
1998,NBA,New York Knicks,NYK,KNICKS
1998,NBA,Orlando Magic,ORL,MAGIC
1998,NBA,Philadelphia 76ers,PHI,76ERS
1998,NBA,Phoenix Suns,PHO,SUNS
1998,NBA,Portland Trail Blazers,POR,TRAIL BLAZERS
1998,NBA,Sacramento Kings,SAC,KINGS
1998,NBA,San Antonio Spurs,SAS,SPURS
1998,NBA,Seattle SuperSonics,SEA,THUNDER
1998,NBA,Toronto Raptors,TOR,RAPTORS
1998,NBA,Utah Jazz,UTA,JAZZ
1998,NBA,Vancouver Grizzlies,VAN,GRIZZLIES
1998,NBA,Washington Wizards,WAS,WIZARDS
1999,NBA,Atlanta Hawks,ATL,HAWKS
1999,NBA,Boston Celtics,BOS,CELTICS
1999,NBA,Charlotte Hornets,CHH,HORNETS-PELICANS
1999,NBA,Chicago Bulls,CHI,BULLS
1999,NBA,Cleveland Cavaliers,CLE,CAVALIERS
1999,NBA,Dallas Mavericks,DAL,MAVERICKS
1999,NBA,Denver Nuggets,DEN,NUGGETS
1999,NBA,Detroit Pistons,DET,PISTONS
1999,NBA,Golden State Warriors,GSW,WARRIORS
1999,NBA,Houston Rockets,HOU,ROCKETS
1999,NBA,Indiana Pacers,IND,PACERS
1999,NBA,Los Angeles Clippers,LAC,CLIPPERS
1999,NBA,Los Angeles Lakers,LAL,LAKERS
1999,NBA,Miami Heat,MIA,HEAT
1999,NBA,Milwaukee Bucks,MIL,BUCKS
1999,NBA,Minnesota Timberwolves,MIN,TIMBERWOLVES
1999,NBA,New Jersey Nets,NJN,NETS
1999,NBA,New York Knicks,NYK,KNICKS
1999,NBA,Orlando Magic,ORL,MAGIC
1999,NBA,Philadelphia 76ers,PHI,76ERS
1999,NBA,Phoenix Suns,PHO,SUNS
1999,NBA,Portland Trail Blazers,POR,TRAIL BLAZERS
1999,NBA,Sacramento Kings,SAC,KINGS
1999,NBA,San Antonio Spurs,SAS,SPURS
1999,NBA,Seattle SuperSonics,SEA,THUNDER
1999,NBA,Toronto Raptors,TOR,RAPTORS
1999,NBA,Utah Jazz,UTA,JAZZ
1999,NBA,Vancouver Grizzlies,VAN,GRIZZLIES
1999,NBA,Washington Wizards,WAS,WIZARDS
2000,NBA,Atlanta Hawks,ATL,HAWKS
2000,NBA,Boston Celtics,BOS,CELTICS
2000,NBA,Charlotte Hornets,CHH,HORNETS-PELICANS
2000,NBA,Chicago Bulls,CHI,BULLS
2000,NBA,Cleveland Cavaliers,CLE,CAVALIERS
2000,NBA,Dallas Mavericks,DAL,MAVERICKS
2000,NBA,Denver Nuggets,DEN,NUGGETS
2000,NBA,Detroit Pistons,DET,PISTONS
2000,NBA,Golden State Warriors,GSW,WARRIORS
2000,NBA,Houston Rockets,HOU,ROCKETS
2000,NBA,Indiana Pacers,IND,PACERS
2000,NBA,Los Angeles Clippers,LAC,CLIPPERS
2000,NBA,Los Angeles Lakers,LAL,LAKERS
2000,NBA,Miami Heat,MIA,HEAT
2000,NBA,Milwaukee Bucks,MIL,BUCKS
2000,NBA,Minnesota Timberwolves,MIN,TIMBERWOLVES
2000,NBA,New Jersey Nets,NJN,NETS
2000,NBA,New York Knicks,NYK,KNICKS
2000,NBA,Orlando Magic,ORL,MAGIC
2000,NBA,Philadelphia 76ers,PHI,76ERS
2000,NBA,Phoenix Suns,PHO,SUNS
2000,NBA,Portland Trail Blazers,POR,TRAIL BLAZERS
2000,NBA,Sacramento Kings,SAC,KINGS
2000,NBA,San Antonio Spurs,SAS,SPURS
2000,NBA,Seattle SuperSonics,SEA,THUNDER
2000,NBA,Toronto Raptors,TOR,RAPTORS
2000,NBA,Utah Jazz,UTA,JAZZ
2000,NBA,Vancouver Grizzlies,VAN,GRIZZLIES
2000,NBA,Washington Wizards,WAS,WIZARDS
2001,NBA,Atlanta Hawks,ATL,HAWKS
2001,NBA,Boston Celtics,BOS,CELTICS
2001,NBA,Charlotte Hornets,CHH,HORNETS-PELICANS
2001,NBA,Chicago Bulls,CHI,BULLS
2001,NBA,Cleveland Cavaliers,CLE,CAVALIERS
2001,NBA,Dallas Mavericks,DAL,MAVERICKS
2001,NBA,Denver Nuggets,DEN,NUGGETS
2001,NBA,Detroit Pistons,DET,PISTONS
2001,NBA,Golden State Warriors,GSW,WARRIORS
2001,NBA,Houston Rockets,HOU,ROCKETS
2001,NBA,Indiana Pacers,IND,PACERS
2001,NBA,Los Angeles Clippers,LAC,CLIPPERS
2001,NBA,Los Angeles Lakers,LAL,LAKERS
2001,NBA,Miami Heat,MIA,HEAT
2001,NBA,Milwaukee Bucks,MIL,BUCKS
2001,NBA,Minnesota Timberwolves,MIN,TIMBERWOLVES
2001,NBA,New Jersey Nets,NJN,NETS
2001,NBA,New York Knicks,NYK,KNICKS
2001,NBA,Orlando Magic,ORL,MAGIC
2001,NBA,Philadelphia 76ers,PHI,76ERS
2001,NBA,Phoenix Suns,PHO,SUNS
2001,NBA,Portland Trail Blazers,POR,TRAIL BLAZERS
2001,NBA,Sacramento Kings,SAC,KINGS
2001,NBA,San Antonio Spurs,SAS,SPURS
2001,NBA,Seattle SuperSonics,SEA,THUNDER
2001,NBA,Toronto Raptors,TOR,RAPTORS
2001,NBA,Utah Jazz,UTA,JAZZ
2001,NBA,Vancouver Grizzlies,VAN,GRIZZLIES
2001,NBA,Washington Wizards,WAS,WIZARDS
2002,NBA,Atlanta Hawks,ATL,HAWKS
2002,NBA,Boston Celtics,BOS,CELTICS
2002,NBA,Charlotte Hornets,CHH,HORNETS-PELICANS
2002,NBA,Chicago Bulls,CHI,BULLS
2002,NBA,Cleveland Cavaliers,CLE,CAVALIERS
2002,NBA,Dallas Mavericks,DAL,MAVERICKS
2002,NBA,Denver Nuggets,DEN,NUGGETS
2002,NBA,Detroit Pistons,DET,PISTONS
2002,NBA,Golden State Warriors,GSW,WARRIORS
2002,NBA,Houston Rockets,HOU,ROCKETS
2002,NBA,Indiana Pacers,IND,PACERS
2002,NBA,Los Angeles Clippers,LAC,CLIPPERS
2002,NBA,Los Angeles Lakers,LAL,LAKERS
2002,NBA,Memphis Grizzlies,MEM,GRIZZLIES
2002,NBA,Miami Heat,MIA,HEAT
2002,NBA,Milwaukee Bucks,MIL,BUCKS
2002,NBA,Minnesota Timberwolves,MIN,TIMBERWOLVES
2002,NBA,New Jersey Nets,NJN,NETS
2002,NBA,New York Knicks,NYK,KNICKS
2002,NBA,Orlando Magic,ORL,MAGIC
2002,NBA,Philadelphia 76ers,PHI,76ERS
2002,NBA,Phoenix Suns,PHO,SUNS
2002,NBA,Portland Trail Blazers,POR,TRAIL BLAZERS
2002,NBA,Sacramento Kings,SAC,KINGS
2002,NBA,San Antonio Spurs,SAS,SPURS
2002,NBA,Seattle SuperSonics,SEA,THUNDER
2002,NBA,Toronto Raptors,TOR,RAPTORS
2002,NBA,Utah Jazz,UTA,JAZZ
2002,NBA,Washington Wizards,WAS,WIZARDS
2003,NBA,Atlanta Hawks,ATL,HAWKS
2003,NBA,Boston Celtics,BOS,CELTICS
2003,NBA,Chicago Bulls,CHI,BULLS
2003,NBA,Cleveland Cavaliers,CLE,CAVALIERS
2003,NBA,Dallas Mavericks,DAL,MAVERICKS
2003,NBA,Denver Nuggets,DEN,NUGGETS
2003,NBA,Detroit Pistons,DET,PISTONS
2003,NBA,Golden State Warriors,GSW,WARRIORS
2003,NBA,Houston Rockets,HOU,ROCKETS
2003,NBA,Indiana Pacers,IND,PACERS
2003,NBA,Los Angeles Clippers,LAC,CLIPPERS
2003,NBA,Los Angeles Lakers,LAL,LAKERS
2003,NBA,Memphis Grizzlies,MEM,GRIZZLIES
2003,NBA,Miami Heat,MIA,HEAT
2003,NBA,Milwaukee Bucks,MIL,BUCKS
2003,NBA,Minnesota Timberwolves,MIN,TIMBERWOLVES
2003,NBA,New Jersey Nets,NJN,NETS
2003,NBA,New Orleans Hornets,NOH,HORNETS-PELICANS
2003,NBA,New York Knicks,NYK,KNICKS
2003,NBA,Orlando Magic,ORL,MAGIC
2003,NBA,Philadelphia 76ers,PHI,76ERS
2003,NBA,Phoenix Suns,PHO,SUNS
2003,NBA,Portland Trail Blazers,POR,TRAIL BLAZERS
2003,NBA,Sacramento Kings,SAC,KINGS
2003,NBA,San Antonio Spurs,SAS,SPURS
2003,NBA,Seattle SuperSonics,SEA,THUNDER
2003,NBA,Toronto Raptors,TOR,RAPTORS
2003,NBA,Utah Jazz,UTA,JAZZ
2003,NBA,Washington Wizards,WAS,WIZARDS
2004,NBA,Atlanta Hawks,ATL,HAWKS
2004,NBA,Boston Celtics,BOS,CELTICS
2004,NBA,Chicago Bulls,CHI,BULLS
2004,NBA,Cleveland Cavaliers,CLE,CAVALIERS
2004,NBA,Dallas Mavericks,DAL,MAVERICKS
2004,NBA,Denver Nuggets,DEN,NUGGETS
2004,NBA,Detroit Pistons,DET,PISTONS
2004,NBA,Golden State Warriors,GSW,WARRIORS
2004,NBA,Houston Rockets,HOU,ROCKETS
2004,NBA,Indiana Pacers,IND,PACERS
2004,NBA,Los Angeles Clippers,LAC,CLIPPERS
2004,NBA,Los Angeles Lakers,LAL,LAKERS
2004,NBA,Memphis Grizzlies,MEM,GRIZZLIES
2004,NBA,Miami Heat,MIA,HEAT
2004,NBA,Milwaukee Bucks,MIL,BUCKS
2004,NBA,Minnesota Timberwolves,MIN,TIMBERWOLVES
2004,NBA,New Jersey Nets,NJN,NETS
2004,NBA,New Orleans Hornets,NOH,HORNETS-PELICANS
2004,NBA,New York Knicks,NYK,KNICKS
2004,NBA,Orlando Magic,ORL,MAGIC
2004,NBA,Philadelphia 76ers,PHI,76ERS
2004,NBA,Phoenix Suns,PHO,SUNS
2004,NBA,Portland Trail Blazers,POR,TRAIL BLAZERS
2004,NBA,Sacramento Kings,SAC,KINGS
2004,NBA,San Antonio Spurs,SAS,SPURS
2004,NBA,Seattle SuperSonics,SEA,THUNDER
2004,NBA,Toronto Raptors,TOR,RAPTORS
2004,NBA,Utah Jazz,UTA,JAZZ
2004,NBA,Washington Wizards,WAS,WIZARDS
2005,NBA,Atlanta Hawks,ATL,HAWKS
2005,NBA,Boston Celtics,BOS,CELTICS
2005,NBA,Charlotte Bobcats,CHA,BOBCATS-HORNETS2
2005,NBA,Chicago Bulls,CHI,BULLS
2005,NBA,Cleveland Cavaliers,CLE,CAVALIERS
2005,NBA,Dallas Mavericks,DAL,MAVERICKS
2005,NBA,Denver Nuggets,DEN,NUGGETS
2005,NBA,Detroit Pistons,DET,PISTONS
2005,NBA,Golden State Warriors,GSW,WARRIORS
2005,NBA,Houston Rockets,HOU,ROCKETS
2005,NBA,Indiana Pacers,IND,PACERS
2005,NBA,Los Angeles Clippers,LAC,CLIPPERS
2005,NBA,Los Angeles Lakers,LAL,LAKERS
2005,NBA,Memphis Grizzlies,MEM,GRIZZLIES
2005,NBA,Miami Heat,MIA,HEAT
2005,NBA,Milwaukee Bucks,MIL,BUCKS
2005,NBA,Minnesota Timberwolves,MIN,TIMBERWOLVES
2005,NBA,New Jersey Nets,NJN,NETS
2005,NBA,New Orleans Hornets,NOH,HORNETS-PELICANS
2005,NBA,New York Knicks,NYK,KNICKS
2005,NBA,Orlando Magic,ORL,MAGIC
2005,NBA,Philadelphia 76ers,PHI,76ERS
2005,NBA,Phoenix Suns,PHO,SUNS
2005,NBA,Portland Trail Blazers,POR,TRAIL BLAZERS
2005,NBA,Sacramento Kings,SAC,KINGS
2005,NBA,San Antonio Spurs,SAS,SPURS
2005,NBA,Seattle SuperSonics,SEA,THUNDER
2005,NBA,Toronto Raptors,TOR,RAPTORS
2005,NBA,Utah Jazz,UTA,JAZZ
2005,NBA,Washington Wizards,WAS,WIZARDS
2006,NBA,Atlanta Hawks,ATL,HAWKS
2006,NBA,Boston Celtics,BOS,CELTICS
2006,NBA,Charlotte Bobcats,CHA,BOBCATS-HORNETS2
2006,NBA,Chicago Bulls,CHI,BULLS
2006,NBA,Cleveland Cavaliers,CLE,CAVALIERS
2006,NBA,Dallas Mavericks,DAL,MAVERICKS
2006,NBA,Denver Nuggets,DEN,NUGGETS
2006,NBA,Detroit Pistons,DET,PISTONS
2006,NBA,Golden State Warriors,GSW,WARRIORS
2006,NBA,Houston Rockets,HOU,ROCKETS
2006,NBA,Indiana Pacers,IND,PACERS
2006,NBA,Los Angeles Clippers,LAC,CLIPPERS
2006,NBA,Los Angeles Lakers,LAL,LAKERS
2006,NBA,Memphis Grizzlies,MEM,GRIZZLIES
2006,NBA,Miami Heat,MIA,HEAT
2006,NBA,Milwaukee Bucks,MIL,BUCKS
2006,NBA,Minnesota Timberwolves,MIN,TIMBERWOLVES
2006,NBA,New Jersey Nets,NJN,NETS
2006,NBA,New Orleans/Oklahoma City Hornets,NOK,HORNETS-PELICANS
2006,NBA,New York Knicks,NYK,KNICKS
2006,NBA,Orlando Magic,ORL,MAGIC
2006,NBA,Philadelphia 76ers,PHI,76ERS
2006,NBA,Phoenix Suns,PHO,SUNS
2006,NBA,Portland Trail Blazers,POR,TRAIL BLAZERS
2006,NBA,Sacramento Kings,SAC,KINGS
2006,NBA,San Antonio Spurs,SAS,SPURS
2006,NBA,Seattle SuperSonics,SEA,THUNDER
2006,NBA,Toronto Raptors,TOR,RAPTORS
2006,NBA,Utah Jazz,UTA,JAZZ
2006,NBA,Washington Wizards,WAS,WIZARDS
2007,NBA,Atlanta Hawks,ATL,HAWKS
2007,NBA,Boston Celtics,BOS,CELTICS
2007,NBA,Charlotte Bobcats,CHA,BOBCATS-HORNETS2
2007,NBA,Chicago Bulls,CHI,BULLS
2007,NBA,Cleveland Cavaliers,CLE,CAVALIERS
2007,NBA,Dallas Mavericks,DAL,MAVERICKS
2007,NBA,Denver Nuggets,DEN,NUGGETS
2007,NBA,Detroit Pistons,DET,PISTONS
2007,NBA,Golden State Warriors,GSW,WARRIORS
2007,NBA,Houston Rockets,HOU,ROCKETS
2007,NBA,Indiana Pacers,IND,PACERS
2007,NBA,Los Angeles Clippers,LAC,CLIPPERS
2007,NBA,Los Angeles Lakers,LAL,LAKERS
2007,NBA,Memphis Grizzlies,MEM,GRIZZLIES
2007,NBA,Miami Heat,MIA,HEAT
2007,NBA,Milwaukee Bucks,MIL,BUCKS
2007,NBA,Minnesota Timberwolves,MIN,TIMBERWOLVES
2007,NBA,New Jersey Nets,NJN,NETS
2007,NBA,New Orleans/Oklahoma City Hornets,NOK,HORNETS-PELICANS
2007,NBA,New York Knicks,NYK,KNICKS
2007,NBA,Orlando Magic,ORL,MAGIC
2007,NBA,Philadelphia 76ers,PHI,76ERS
2007,NBA,Phoenix Suns,PHO,SUNS
2007,NBA,Portland Trail Blazers,POR,TRAIL BLAZERS
2007,NBA,Sacramento Kings,SAC,KINGS
2007,NBA,San Antonio Spurs,SAS,SPURS
2007,NBA,Seattle SuperSonics,SEA,THUNDER
2007,NBA,Toronto Raptors,TOR,RAPTORS
2007,NBA,Utah Jazz,UTA,JAZZ
2007,NBA,Washington Wizards,WAS,WIZARDS
2008,NBA,Atlanta Hawks,ATL,HAWKS
2008,NBA,Boston Celtics,BOS,CELTICS
2008,NBA,Charlotte Bobcats,CHA,BOBCATS-HORNETS2
2008,NBA,Chicago Bulls,CHI,BULLS
2008,NBA,Cleveland Cavaliers,CLE,CAVALIERS
2008,NBA,Dallas Mavericks,DAL,MAVERICKS
2008,NBA,Denver Nuggets,DEN,NUGGETS
2008,NBA,Detroit Pistons,DET,PISTONS
2008,NBA,Golden State Warriors,GSW,WARRIORS
2008,NBA,Houston Rockets,HOU,ROCKETS
2008,NBA,Indiana Pacers,IND,PACERS
2008,NBA,Los Angeles Clippers,LAC,CLIPPERS
2008,NBA,Los Angeles Lakers,LAL,LAKERS
2008,NBA,Memphis Grizzlies,MEM,GRIZZLIES
2008,NBA,Miami Heat,MIA,HEAT
2008,NBA,Milwaukee Bucks,MIL,BUCKS
2008,NBA,Minnesota Timberwolves,MIN,TIMBERWOLVES
2008,NBA,New Jersey Nets,NJN,NETS
2008,NBA,New Orleans Hornets,NOH,HORNETS-PELICANS
2008,NBA,New York Knicks,NYK,KNICKS
2008,NBA,Orlando Magic,ORL,MAGIC
2008,NBA,Philadelphia 76ers,PHI,76ERS
2008,NBA,Phoenix Suns,PHO,SUNS
2008,NBA,Portland Trail Blazers,POR,TRAIL BLAZERS
2008,NBA,Sacramento Kings,SAC,KINGS
2008,NBA,San Antonio Spurs,SAS,SPURS
2008,NBA,Seattle SuperSonics,SEA,THUNDER
2008,NBA,Toronto Raptors,TOR,RAPTORS
2008,NBA,Utah Jazz,UTA,JAZZ
2008,NBA,Washington Wizards,WAS,WIZARDS
2009,NBA,Atlanta Hawks,ATL,HAWKS
2009,NBA,Boston Celtics,BOS,CELTICS
2009,NBA,Charlotte Bobcats,CHA,BOBCATS-HORNETS2
2009,NBA,Chicago Bulls,CHI,BULLS
2009,NBA,Cleveland Cavaliers,CLE,CAVALIERS
2009,NBA,Dallas Mavericks,DAL,MAVERICKS
2009,NBA,Denver Nuggets,DEN,NUGGETS
2009,NBA,Detroit Pistons,DET,PISTONS
2009,NBA,Golden State Warriors,GSW,WARRIORS
2009,NBA,Houston Rockets,HOU,ROCKETS
2009,NBA,Indiana Pacers,IND,PACERS
2009,NBA,Los Angeles Clippers,LAC,CLIPPERS
2009,NBA,Los Angeles Lakers,LAL,LAKERS
2009,NBA,Memphis Grizzlies,MEM,GRIZZLIES
2009,NBA,Miami Heat,MIA,HEAT
2009,NBA,Milwaukee Bucks,MIL,BUCKS
2009,NBA,Minnesota Timberwolves,MIN,TIMBERWOLVES
2009,NBA,New Jersey Nets,NJN,NETS
2009,NBA,New Orleans Hornets,NOH,HORNETS-PELICANS
2009,NBA,New York Knicks,NYK,KNICKS
2009,NBA,Oklahoma City Thunder,OKC,THUNDER
2009,NBA,Orlando Magic,ORL,MAGIC
2009,NBA,Philadelphia 76ers,PHI,76ERS
2009,NBA,Phoenix Suns,PHO,SUNS
2009,NBA,Portland Trail Blazers,POR,TRAIL BLAZERS
2009,NBA,Sacramento Kings,SAC,KINGS
2009,NBA,San Antonio Spurs,SAS,SPURS
2009,NBA,Toronto Raptors,TOR,RAPTORS
2009,NBA,Utah Jazz,UTA,JAZZ
2009,NBA,Washington Wizards,WAS,WIZARDS
2010,NBA,Atlanta Hawks,ATL,HAWKS
2010,NBA,Boston Celtics,BOS,CELTICS
2010,NBA,Charlotte Bobcats,CHA,BOBCATS-HORNETS2
2010,NBA,Chicago Bulls,CHI,BULLS
2010,NBA,Cleveland Cavaliers,CLE,CAVALIERS
2010,NBA,Dallas Mavericks,DAL,MAVERICKS
2010,NBA,Denver Nuggets,DEN,NUGGETS
2010,NBA,Detroit Pistons,DET,PISTONS
2010,NBA,Golden State Warriors,GSW,WARRIORS
2010,NBA,Houston Rockets,HOU,ROCKETS
2010,NBA,Indiana Pacers,IND,PACERS
2010,NBA,Los Angeles Clippers,LAC,CLIPPERS
2010,NBA,Los Angeles Lakers,LAL,LAKERS
2010,NBA,Memphis Grizzlies,MEM,GRIZZLIES
2010,NBA,Miami Heat,MIA,HEAT
2010,NBA,Milwaukee Bucks,MIL,BUCKS
2010,NBA,Minnesota Timberwolves,MIN,TIMBERWOLVES
2010,NBA,New Jersey Nets,NJN,NETS
2010,NBA,New Orleans Hornets,NOH,HORNETS-PELICANS
2010,NBA,New York Knicks,NYK,KNICKS
2010,NBA,Oklahoma City Thunder,OKC,THUNDER
2010,NBA,Orlando Magic,ORL,MAGIC
2010,NBA,Philadelphia 76ers,PHI,76ERS
2010,NBA,Phoenix Suns,PHO,SUNS
2010,NBA,Portland Trail Blazers,POR,TRAIL BLAZERS
2010,NBA,Sacramento Kings,SAC,KINGS
2010,NBA,San Antonio Spurs,SAS,SPURS
2010,NBA,Toronto Raptors,TOR,RAPTORS
2010,NBA,Utah Jazz,UTA,JAZZ
2010,NBA,Washington Wizards,WAS,WIZARDS
2011,NBA,Atlanta Hawks,ATL,HAWKS
2011,NBA,Boston Celtics,BOS,CELTICS
2011,NBA,Charlotte Bobcats,CHA,BOBCATS-HORNETS2
2011,NBA,Chicago Bulls,CHI,BULLS
2011,NBA,Cleveland Cavaliers,CLE,CAVALIERS
2011,NBA,Dallas Mavericks,DAL,MAVERICKS
2011,NBA,Denver Nuggets,DEN,NUGGETS
2011,NBA,Detroit Pistons,DET,PISTONS
2011,NBA,Golden State Warriors,GSW,WARRIORS
2011,NBA,Houston Rockets,HOU,ROCKETS
2011,NBA,Indiana Pacers,IND,PACERS
2011,NBA,Los Angeles Clippers,LAC,CLIPPERS
2011,NBA,Los Angeles Lakers,LAL,LAKERS
2011,NBA,Memphis Grizzlies,MEM,GRIZZLIES
2011,NBA,Miami Heat,MIA,HEAT
2011,NBA,Milwaukee Bucks,MIL,BUCKS
2011,NBA,Minnesota Timberwolves,MIN,TIMBERWOLVES
2011,NBA,New Jersey Nets,NJN,NETS
2011,NBA,New Orleans Hornets,NOH,HORNETS-PELICANS
2011,NBA,New York Knicks,NYK,KNICKS
2011,NBA,Oklahoma City Thunder,OKC,THUNDER
2011,NBA,Orlando Magic,ORL,MAGIC
2011,NBA,Philadelphia 76ers,PHI,76ERS
2011,NBA,Phoenix Suns,PHO,SUNS
2011,NBA,Portland Trail Blazers,POR,TRAIL BLAZERS
2011,NBA,Sacramento Kings,SAC,KINGS
2011,NBA,San Antonio Spurs,SAS,SPURS
2011,NBA,Toronto Raptors,TOR,RAPTORS
2011,NBA,Utah Jazz,UTA,JAZZ
2011,NBA,Washington Wizards,WAS,WIZARDS
2012,NBA,Atlanta Hawks,ATL,HAWKS
2012,NBA,Boston Celtics,BOS,CELTICS
2012,NBA,Charlotte Bobcats,CHA,BOBCATS-HORNETS2
2012,NBA,Chicago Bulls,CHI,BULLS
2012,NBA,Cleveland Cavaliers,CLE,CAVALIERS
2012,NBA,Dallas Mavericks,DAL,MAVERICKS
2012,NBA,Denver Nuggets,DEN,NUGGETS
2012,NBA,Detroit Pistons,DET,PISTONS
2012,NBA,Golden State Warriors,GSW,WARRIORS
2012,NBA,Houston Rockets,HOU,ROCKETS
2012,NBA,Indiana Pacers,IND,PACERS
2012,NBA,Los Angeles Clippers,LAC,CLIPPERS
2012,NBA,Los Angeles Lakers,LAL,LAKERS
2012,NBA,Memphis Grizzlies,MEM,GRIZZLIES
2012,NBA,Miami Heat,MIA,HEAT
2012,NBA,Milwaukee Bucks,MIL,BUCKS
2012,NBA,Minnesota Timberwolves,MIN,TIMBERWOLVES
2012,NBA,New Jersey Nets,NJN,NETS
2012,NBA,New Orleans Hornets,NOH,HORNETS-PELICANS
2012,NBA,New York Knicks,NYK,KNICKS
2012,NBA,Oklahoma City Thunder,OKC,THUNDER
2012,NBA,Orlando Magic,ORL,MAGIC
2012,NBA,Philadelphia 76ers,PHI,76ERS
2012,NBA,Phoenix Suns,PHO,SUNS
2012,NBA,Portland Trail Blazers,POR,TRAIL BLAZERS
2012,NBA,Sacramento Kings,SAC,KINGS
2012,NBA,San Antonio Spurs,SAS,SPURS
2012,NBA,Toronto Raptors,TOR,RAPTORS
2012,NBA,Utah Jazz,UTA,JAZZ
2012,NBA,Washington Wizards,WAS,WIZARDS
2013,NBA,Atlanta Hawks,ATL,HAWKS
2013,NBA,Boston Celtics,BOS,CELTICS
2013,NBA,Brooklyn Nets,BRK,NETS
2013,NBA,Charlotte Bobcats,CHA,BOBCATS-HORNETS2
2013,NBA,Chicago Bulls,CHI,BULLS
2013,NBA,Cleveland Cavaliers,CLE,CAVALIERS
2013,NBA,Dallas Mavericks,DAL,MAVERICKS
2013,NBA,Denver Nuggets,DEN,NUGGETS
2013,NBA,Detroit Pistons,DET,PISTONS
2013,NBA,Golden State Warriors,GSW,WARRIORS
2013,NBA,Houston Rockets,HOU,ROCKETS
2013,NBA,Indiana Pacers,IND,PACERS
2013,NBA,Los Angeles Clippers,LAC,CLIPPERS
2013,NBA,Los Angeles Lakers,LAL,LAKERS
2013,NBA,Memphis Grizzlies,MEM,GRIZZLIES
2013,NBA,Miami Heat,MIA,HEAT
2013,NBA,Milwaukee Bucks,MIL,BUCKS
2013,NBA,Minnesota Timberwolves,MIN,TIMBERWOLVES
2013,NBA,New Orleans Hornets,NOH,HORNETS-PELICANS
2013,NBA,New York Knicks,NYK,KNICKS
2013,NBA,Oklahoma City Thunder,OKC,THUNDER
2013,NBA,Orlando Magic,ORL,MAGIC
2013,NBA,Philadelphia 76ers,PHI,76ERS
2013,NBA,Phoenix Suns,PHO,SUNS
2013,NBA,Portland Trail Blazers,POR,TRAIL BLAZERS
2013,NBA,Sacramento Kings,SAC,KINGS
2013,NBA,San Antonio Spurs,SAS,SPURS
2013,NBA,Toronto Raptors,TOR,RAPTORS
2013,NBA,Utah Jazz,UTA,JAZZ
2013,NBA,Washington Wizards,WAS,WIZARDS
2014,NBA,Atlanta Hawks,ATL,HAWKS
2014,NBA,Boston Celtics,BOS,CELTICS
2014,NBA,Brooklyn Nets,BRK,NETS
2014,NBA,Charlotte Bobcats,CHA,BOBCATS-HORNETS2
2014,NBA,Chicago Bulls,CHI,BULLS
2014,NBA,Cleveland Cavaliers,CLE,CAVALIERS
2014,NBA,Dallas Mavericks,DAL,MAVERICKS
2014,NBA,Denver Nuggets,DEN,NUGGETS
2014,NBA,Detroit Pistons,DET,PISTONS
2014,NBA,Golden State Warriors,GSW,WARRIORS
2014,NBA,Houston Rockets,HOU,ROCKETS
2014,NBA,Indiana Pacers,IND,PACERS
2014,NBA,Los Angeles Clippers,LAC,CLIPPERS
2014,NBA,Los Angeles Lakers,LAL,LAKERS
2014,NBA,Memphis Grizzlies,MEM,GRIZZLIES
2014,NBA,Miami Heat,MIA,HEAT
2014,NBA,Milwaukee Bucks,MIL,BUCKS
2014,NBA,Minnesota Timberwolves,MIN,TIMBERWOLVES
2014,NBA,New Orleans Pelicans,NOP,HORNETS-PELICANS
2014,NBA,New York Knicks,NYK,KNICKS
2014,NBA,Oklahoma City Thunder,OKC,THUNDER
2014,NBA,Orlando Magic,ORL,MAGIC
2014,NBA,Philadelphia 76ers,PHI,76ERS
2014,NBA,Phoenix Suns,PHO,SUNS
2014,NBA,Portland Trail Blazers,POR,TRAIL BLAZERS
2014,NBA,Sacramento Kings,SAC,KINGS
2014,NBA,San Antonio Spurs,SAS,SPURS
2014,NBA,Toronto Raptors,TOR,RAPTORS
2014,NBA,Utah Jazz,UTA,JAZZ
2014,NBA,Washington Wizards,WAS,WIZARDS
2015,NBA,Atlanta Hawks,ATL,HAWKS
2015,NBA,Boston Celtics,BOS,CELTICS
2015,NBA,Brooklyn Nets,BRK,NETS
2015,NBA,Charlotte Hornets,CHO,BOBCATS-HORNETS2
2015,NBA,Chicago Bulls,CHI,BULLS
2015,NBA,Cleveland Cavaliers,CLE,CAVALIERS
2015,NBA,Dallas Mavericks,DAL,MAVERICKS
2015,NBA,Denver Nuggets,DEN,NUGGETS
2015,NBA,Detroit Pistons,DET,PISTONS
2015,NBA,Golden State Warriors,GSW,WARRIORS
2015,NBA,Houston Rockets,HOU,ROCKETS
2015,NBA,Indiana Pacers,IND,PACERS
2015,NBA,Los Angeles Clippers,LAC,CLIPPERS
2015,NBA,Los Angeles Lakers,LAL,LAKERS
2015,NBA,Memphis Grizzlies,MEM,GRIZZLIES
2015,NBA,Miami Heat,MIA,HEAT
2015,NBA,Milwaukee Bucks,MIL,BUCKS
2015,NBA,Minnesota Timberwolves,MIN,TIMBERWOLVES
2015,NBA,New Orleans Pelicans,NOP,HORNETS-PELICANS
2015,NBA,New York Knicks,NYK,KNICKS
2015,NBA,Oklahoma City Thunder,OKC,THUNDER
2015,NBA,Orlando Magic,ORL,MAGIC
2015,NBA,Philadelphia 76ers,PHI,76ERS
2015,NBA,Phoenix Suns,PHO,SUNS
2015,NBA,Portland Trail Blazers,POR,TRAIL BLAZERS
2015,NBA,Sacramento Kings,SAC,KINGS
2015,NBA,San Antonio Spurs,SAS,SPURS
2015,NBA,Toronto Raptors,TOR,RAPTORS
2015,NBA,Utah Jazz,UTA,JAZZ
2015,NBA,Washington Wizards,WAS,WIZARDS
2016,NBA,Atlanta Hawks,ATL,HAWKS
2016,NBA,Boston Celtics,BOS,CELTICS
2016,NBA,Brooklyn Nets,BRK,NETS
2016,NBA,Charlotte Hornets,CHO,BOBCATS-HORNETS2
2016,NBA,Chicago Bulls,CHI,BULLS
2016,NBA,Cleveland Cavaliers,CLE,CAVALIERS
2016,NBA,Dallas Mavericks,DAL,MAVERICKS
2016,NBA,Denver Nuggets,DEN,NUGGETS
2016,NBA,Detroit Pistons,DET,PISTONS
2016,NBA,Golden State Warriors,GSW,WARRIORS
2016,NBA,Houston Rockets,HOU,ROCKETS
2016,NBA,Indiana Pacers,IND,PACERS
2016,NBA,Los Angeles Clippers,LAC,CLIPPERS
2016,NBA,Los Angeles Lakers,LAL,LAKERS
2016,NBA,Memphis Grizzlies,MEM,GRIZZLIES
2016,NBA,Miami Heat,MIA,HEAT
2016,NBA,Milwaukee Bucks,MIL,BUCKS
2016,NBA,Minnesota Timberwolves,MIN,TIMBERWOLVES
2016,NBA,New Orleans Pelicans,NOP,HORNETS-PELICANS
2016,NBA,New York Knicks,NYK,KNICKS
2016,NBA,Oklahoma City Thunder,OKC,THUNDER
2016,NBA,Orlando Magic,ORL,MAGIC
2016,NBA,Philadelphia 76ers,PHI,76ERS
2016,NBA,Phoenix Suns,PHO,SUNS
2016,NBA,Portland Trail Blazers,POR,TRAIL BLAZERS
2016,NBA,Sacramento Kings,SAC,KINGS
2016,NBA,San Antonio Spurs,SAS,SPURS
2016,NBA,Toronto Raptors,TOR,RAPTORS
2016,NBA,Utah Jazz,UTA,JAZZ
2016,NBA,Washington Wizards,WAS,WIZARDS
2017,NBA,Atlanta Hawks,ATL,HAWKS
2017,NBA,Boston Celtics,BOS,CELTICS
2017,NBA,Brooklyn Nets,BRK,NETS
2017,NBA,Charlotte Hornets,CHO,BOBCATS-HORNETS2
2017,NBA,Chicago Bulls,CHI,BULLS
2017,NBA,Cleveland Cavaliers,CLE,CAVALIERS
2017,NBA,Dallas Mavericks,DAL,MAVERICKS
2017,NBA,Denver Nuggets,DEN,NUGGETS
2017,NBA,Detroit Pistons,DET,PISTONS
2017,NBA,Golden State Warriors,GSW,WARRIORS
2017,NBA,Houston Rockets,HOU,ROCKETS
2017,NBA,Indiana Pacers,IND,PACERS
2017,NBA,Los Angeles Clippers,LAC,CLIPPERS
2017,NBA,Los Angeles Lakers,LAL,LAKERS
2017,NBA,Memphis Grizzlies,MEM,GRIZZLIES
2017,NBA,Miami Heat,MIA,HEAT
2017,NBA,Milwaukee Bucks,MIL,BUCKS
2017,NBA,Minnesota Timberwolves,MIN,TIMBERWOLVES
2017,NBA,New Orleans Pelicans,NOP,HORNETS-PELICANS
2017,NBA,New York Knicks,NYK,KNICKS
2017,NBA,Oklahoma City Thunder,OKC,THUNDER
2017,NBA,Orlando Magic,ORL,MAGIC
2017,NBA,Philadelphia 76ers,PHI,76ERS
2017,NBA,Phoenix Suns,PHO,SUNS
2017,NBA,Portland Trail Blazers,POR,TRAIL BLAZERS
2017,NBA,Sacramento Kings,SAC,KINGS
2017,NBA,San Antonio Spurs,SAS,SPURS
2017,NBA,Toronto Raptors,TOR,RAPTORS
2017,NBA,Utah Jazz,UTA,JAZZ
2017,NBA,Washington Wizards,WAS,WIZARDS
2018,NBA,Atlanta Hawks,ATL,HAWKS
2018,NBA,Boston Celtics,BOS,CELTICS
2018,NBA,Brooklyn Nets,BRK,NETS
2018,NBA,Charlotte Hornets,CHO,BOBCATS-HORNETS2
2018,NBA,Chicago Bulls,CHI,BULLS
2018,NBA,Cleveland Cavaliers,CLE,CAVALIERS
2018,NBA,Dallas Mavericks,DAL,MAVERICKS
2018,NBA,Denver Nuggets,DEN,NUGGETS
2018,NBA,Detroit Pistons,DET,PISTONS
2018,NBA,Golden State Warriors,GSW,WARRIORS
2018,NBA,Houston Rockets,HOU,ROCKETS
2018,NBA,Indiana Pacers,IND,PACERS
2018,NBA,Los Angeles Clippers,LAC,CLIPPERS
2018,NBA,Los Angeles Lakers,LAL,LAKERS
2018,NBA,Memphis Grizzlies,MEM,GRIZZLIES
2018,NBA,Miami Heat,MIA,HEAT
2018,NBA,Milwaukee Bucks,MIL,BUCKS
2018,NBA,Minnesota Timberwolves,MIN,TIMBERWOLVES
2018,NBA,New Orleans Pelicans,NOP,HORNETS-PELICANS
2018,NBA,New York Knicks,NYK,KNICKS
2018,NBA,Oklahoma City Thunder,OKC,THUNDER
2018,NBA,Orlando Magic,ORL,MAGIC
2018,NBA,Philadelphia 76ers,PHI,76ERS
2018,NBA,Phoenix Suns,PHO,SUNS
2018,NBA,Portland Trail Blazers,POR,TRAIL BLAZERS
2018,NBA,Sacramento Kings,SAC,KINGS
2018,NBA,San Antonio Spurs,SAS,SPURS
2018,NBA,Toronto Raptors,TOR,RAPTORS
2018,NBA,Utah Jazz,UTA,JAZZ
2018,NBA,Washington Wizards,WAS,WIZARDS
2019,NBA,Atlanta Hawks,ATL,HAWKS
2019,NBA,Boston Celtics,BOS,CELTICS
2019,NBA,Brooklyn Nets,BRK,NETS
2019,NBA,Charlotte Hornets,CHO,BOBCATS-HORNETS2
2019,NBA,Chicago Bulls,CHI,BULLS
2019,NBA,Cleveland Cavaliers,CLE,CAVALIERS
2019,NBA,Dallas Mavericks,DAL,MAVERICKS
2019,NBA,Denver Nuggets,DEN,NUGGETS
2019,NBA,Detroit Pistons,DET,PISTONS
2019,NBA,Golden State Warriors,GSW,WARRIORS
2019,NBA,Houston Rockets,HOU,ROCKETS
2019,NBA,Indiana Pacers,IND,PACERS
2019,NBA,Los Angeles Clippers,LAC,CLIPPERS
2019,NBA,Los Angeles Lakers,LAL,LAKERS
2019,NBA,Memphis Grizzlies,MEM,GRIZZLIES
2019,NBA,Miami Heat,MIA,HEAT
2019,NBA,Milwaukee Bucks,MIL,BUCKS
2019,NBA,Minnesota Timberwolves,MIN,TIMBERWOLVES
2019,NBA,New Orleans Pelicans,NOP,HORNETS-PELICANS
2019,NBA,New York Knicks,NYK,KNICKS
2019,NBA,Oklahoma City Thunder,OKC,THUNDER
2019,NBA,Orlando Magic,ORL,MAGIC
2019,NBA,Philadelphia 76ers,PHI,76ERS
2019,NBA,Phoenix Suns,PHO,SUNS
2019,NBA,Portland Trail Blazers,POR,TRAIL BLAZERS
2019,NBA,Sacramento Kings,SAC,KINGS
2019,NBA,San Antonio Spurs,SAS,SPURS
2019,NBA,Toronto Raptors,TOR,RAPTORS
2019,NBA,Utah Jazz,UTA,JAZZ
2019,NBA,Washington Wizards,WAS,WIZARDS
2020,NBA,Atlanta Hawks,ATL,HAWKS
2020,NBA,Boston Celtics,BOS,CELTICS
2020,NBA,Brooklyn Nets,BRK,NETS
2020,NBA,Charlotte Hornets,CHO,BOBCATS-HORNETS2
2020,NBA,Chicago Bulls,CHI,BULLS
2020,NBA,Cleveland Cavaliers,CLE,CAVALIERS
2020,NBA,Dallas Mavericks,DAL,MAVERICKS
2020,NBA,Denver Nuggets,DEN,NUGGETS
2020,NBA,Detroit Pistons,DET,PISTONS
2020,NBA,Golden State Warriors,GSW,WARRIORS
2020,NBA,Houston Rockets,HOU,ROCKETS
2020,NBA,Indiana Pacers,IND,PACERS
2020,NBA,Los Angeles Clippers,LAC,CLIPPERS
2020,NBA,Los Angeles Lakers,LAL,LAKERS
2020,NBA,Memphis Grizzlies,MEM,GRIZZLIES
2020,NBA,Miami Heat,MIA,HEAT
2020,NBA,Milwaukee Bucks,MIL,BUCKS
2020,NBA,Minnesota Timberwolves,MIN,TIMBERWOLVES
2020,NBA,New Orleans Pelicans,NOP,HORNETS-PELICANS
2020,NBA,New York Knicks,NYK,KNICKS
2020,NBA,Oklahoma City Thunder,OKC,THUNDER
2020,NBA,Orlando Magic,ORL,MAGIC
2020,NBA,Philadelphia 76ers,PHI,76ERS
2020,NBA,Phoenix Suns,PHO,SUNS
2020,NBA,Portland Trail Blazers,POR,TRAIL BLAZERS
2020,NBA,Sacramento Kings,SAC,KINGS
2020,NBA,San Antonio Spurs,SAS,SPURS
2020,NBA,Toronto Raptors,TOR,RAPTORS
2020,NBA,Utah Jazz,UTA,JAZZ
2020,NBA,Washington Wizards,WAS,WIZARDS
2021,NBA,Atlanta Hawks,ATL,HAWKS
2021,NBA,Boston Celtics,BOS,CELTICS
2021,NBA,Brooklyn Nets,BRK,NETS
2021,NBA,Charlotte Hornets,CHO,BOBCATS-HORNETS2
2021,NBA,Chicago Bulls,CHI,BULLS
2021,NBA,Cleveland Cavaliers,CLE,CAVALIERS
2021,NBA,Dallas Mavericks,DAL,MAVERICKS
2021,NBA,Denver Nuggets,DEN,NUGGETS
2021,NBA,Detroit Pistons,DET,PISTONS
2021,NBA,Golden State Warriors,GSW,WARRIORS
2021,NBA,Houston Rockets,HOU,ROCKETS
2021,NBA,Indiana Pacers,IND,PACERS
2021,NBA,Los Angeles Clippers,LAC,CLIPPERS
2021,NBA,Los Angeles Lakers,LAL,LAKERS
2021,NBA,Memphis Grizzlies,MEM,GRIZZLIES
2021,NBA,Miami Heat,MIA,HEAT
2021,NBA,Milwaukee Bucks,MIL,BUCKS
2021,NBA,Minnesota Timberwolves,MIN,TIMBERWOLVES
2021,NBA,New Orleans Pelicans,NOP,HORNETS-PELICANS
2021,NBA,New York Knicks,NYK,KNICKS
2021,NBA,Oklahoma City Thunder,OKC,THUNDER
2021,NBA,Orlando Magic,ORL,MAGIC
2021,NBA,Philadelphia 76ers,PHI,76ERS
2021,NBA,Phoenix Suns,PHO,SUNS
2021,NBA,Portland Trail Blazers,POR,TRAIL BLAZERS
2021,NBA,Sacramento Kings,SAC,KINGS
2021,NBA,San Antonio Spurs,SAS,SPURS
2021,NBA,Toronto Raptors,TOR,RAPTORS
2021,NBA,Utah Jazz,UTA,JAZZ
2021,NBA,Washington Wizards,WAS,WIZARDS
2022,NBA,Atlanta Hawks,ATL,HAWKS
2022,NBA,Boston Celtics,BOS,CELTICS
2022,NBA,Brooklyn Nets,BRK,NETS
2022,NBA,Charlotte Hornets,CHO,BOBCATS-HORNETS2
2022,NBA,Chicago Bulls,CHI,BULLS
2022,NBA,Cleveland Cavaliers,CLE,CAVALIERS
2022,NBA,Dallas Mavericks,DAL,MAVERICKS
2022,NBA,Denver Nuggets,DEN,NUGGETS
2022,NBA,Detroit Pistons,DET,PISTONS
2022,NBA,Golden State Warriors,GSW,WARRIORS
2022,NBA,Houston Rockets,HOU,ROCKETS
2022,NBA,Indiana Pacers,IND,PACERS
2022,NBA,Los Angeles Clippers,LAC,CLIPPERS
2022,NBA,Los Angeles Lakers,LAL,LAKERS
2022,NBA,Memphis Grizzlies,MEM,GRIZZLIES
2022,NBA,Miami Heat,MIA,HEAT
2022,NBA,Milwaukee Bucks,MIL,BUCKS
2022,NBA,Minnesota Timberwolves,MIN,TIMBERWOLVES
2022,NBA,New Orleans Pelicans,NOP,HORNETS-PELICANS
2022,NBA,New York Knicks,NYK,KNICKS
2022,NBA,Oklahoma City Thunder,OKC,THUNDER
2022,NBA,Orlando Magic,ORL,MAGIC
2022,NBA,Philadelphia 76ers,PHI,76ERS
2022,NBA,Phoenix Suns,PHO,SUNS
2022,NBA,Portland Trail Blazers,POR,TRAIL BLAZERS
2022,NBA,Sacramento Kings,SAC,KINGS
2022,NBA,San Antonio Spurs,SAS,SPURS
2022,NBA,Toronto Raptors,TOR,RAPTORS
2022,NBA,Utah Jazz,UTA,JAZZ
2022,NBA,Washington Wizards,WAS,WIZARDS
2023,NBA,Atlanta Hawks,ATL,HAWKS
2023,NBA,Boston Celtics,BOS,CELTICS
2023,NBA,Brooklyn Nets,BRK,NETS
2023,NBA,Charlotte Hornets,CHO,BOBCATS-HORNETS2
2023,NBA,Chicago Bulls,CHI,BULLS
2023,NBA,Cleveland Cavaliers,CLE,CAVALIERS
2023,NBA,Dallas Mavericks,DAL,MAVERICKS
2023,NBA,Denver Nuggets,DEN,NUGGETS
2023,NBA,Detroit Pistons,DET,PISTONS
2023,NBA,Golden State Warriors,GSW,WARRIORS
2023,NBA,Houston Rockets,HOU,ROCKETS
2023,NBA,Indiana Pacers,IND,PACERS
2023,NBA,Los Angeles Clippers,LAC,CLIPPERS
2023,NBA,Los Angeles Lakers,LAL,LAKERS
2023,NBA,Memphis Grizzlies,MEM,GRIZZLIES
2023,NBA,Miami Heat,MIA,HEAT
2023,NBA,Milwaukee Bucks,MIL,BUCKS
2023,NBA,Minnesota Timberwolves,MIN,TIMBERWOLVES
2023,NBA,New Orleans Pelicans,NOP,HORNETS-PELICANS
2023,NBA,New York Knicks,NYK,KNICKS
2023,NBA,Oklahoma City Thunder,OKC,THUNDER
2023,NBA,Orlando Magic,ORL,MAGIC
2023,NBA,Philadelphia 76ers,PHI,76ERS
2023,NBA,Phoenix Suns,PHO,SUNS
2023,NBA,Portland Trail Blazers,POR,TRAIL BLAZERS
2023,NBA,Sacramento Kings,SAC,KINGS
2023,NBA,San Antonio Spurs,SAS,SPURS
2023,NBA,Toronto Raptors,TOR,RAPTORS
2023,NBA,Utah Jazz,UTA,JAZZ
2023,NBA,Washington Wizards,WAS,WIZARDS
2024,NBA,Atlanta Hawks,ATL,HAWKS
2024,NBA,Boston Celtics,BOS,CELTICS
2024,NBA,Brooklyn Nets,BRK,NETS
2024,NBA,Charlotte Hornets,CHO,BOBCATS-HORNETS2
2024,NBA,Chicago Bulls,CHI,BULLS
2024,NBA,Cleveland Cavaliers,CLE,CAVALIERS
2024,NBA,Dallas Mavericks,DAL,MAVERICKS
2024,NBA,Denver Nuggets,DEN,NUGGETS
2024,NBA,Detroit Pistons,DET,PISTONS
2024,NBA,Golden State Warriors,GSW,WARRIORS
2024,NBA,Houston Rockets,HOU,ROCKETS
2024,NBA,Indiana Pacers,IND,PACERS
2024,NBA,Los Angeles Clippers,LAC,CLIPPERS
2024,NBA,Los Angeles Lakers,LAL,LAKERS
2024,NBA,Memphis Grizzlies,MEM,GRIZZLIES
2024,NBA,Miami Heat,MIA,HEAT
2024,NBA,Milwaukee Bucks,MIL,BUCKS
2024,NBA,Minnesota Timberwolves,MIN,TIMBERWOLVES
2024,NBA,New Orleans Pelicans,NOP,HORNETS-PELICANS
2024,NBA,New York Knicks,NYK,KNICKS
2024,NBA,Oklahoma City Thunder,OKC,THUNDER
2024,NBA,Orlando Magic,ORL,MAGIC
2024,NBA,Philadelphia 76ers,PHI,76ERS
2024,NBA,Phoenix Suns,PHO,SUNS
2024,NBA,Portland Trail Blazers,POR,TRAIL BLAZERS
2024,NBA,Sacramento Kings,SAC,KINGS
2024,NBA,San Antonio Spurs,SAS,SPURS
2024,NBA,Toronto Raptors,TOR,RAPTORS
2024,NBA,Utah Jazz,UTA,JAZZ
2024,NBA,Washington Wizards,WAS,WIZARDS
2025,NBA,Atlanta Hawks,ATL,HAWKS
2025,NBA,Boston Celtics,BOS,CELTICS
2025,NBA,Brooklyn Nets,BRK,NETS
2025,NBA,Charlotte Hornets,CHO,BOBCATS-HORNETS2
2025,NBA,Chicago Bulls,CHI,BULLS
2025,NBA,Cleveland Cavaliers,CLE,CAVALIERS
2025,NBA,Dallas Mavericks,DAL,MAVERICKS
2025,NBA,Denver Nuggets,DEN,NUGGETS
2025,NBA,Detroit Pistons,DET,PISTONS
2025,NBA,Golden State Warriors,GSW,WARRIORS
2025,NBA,Houston Rockets,HOU,ROCKETS
2025,NBA,Indiana Pacers,IND,PACERS
2025,NBA,Los Angeles Clippers,LAC,CLIPPERS
2025,NBA,Los Angeles Lakers,LAL,LAKERS
2025,NBA,Memphis Grizzlies,MEM,GRIZZLIES
2025,NBA,Miami Heat,MIA,HEAT
2025,NBA,Milwaukee Bucks,MIL,BUCKS
2025,NBA,Minnesota Timberwolves,MIN,TIMBERWOLVES
2025,NBA,New Orleans Pelicans,NOP,HORNETS-PELICANS
2025,NBA,New York Knicks,NYK,KNICKS
2025,NBA,Oklahoma City Thunder,OKC,THUNDER
2025,NBA,Orlando Magic,ORL,MAGIC
2025,NBA,Philadelphia 76ers,PHI,76ERS
2025,NBA,Phoenix Suns,PHO,SUNS
2025,NBA,Portland Trail Blazers,POR,TRAIL BLAZERS
2025,NBA,Sacramento Kings,SAC,KINGS
2025,NBA,San Antonio Spurs,SAS,SPURS
2025,NBA,Toronto Raptors,TOR,RAPTORS
2025,NBA,Utah Jazz,UTA,JAZZ
2025,NBA,Washington Wizards,WAS,WIZARDS
2026,NBA,Atlanta Hawks,ATL,HAWKS
2026,NBA,Boston Celtics,BOS,CELTICS
2026,NBA,Brooklyn Nets,BRK,NETS
2026,NBA,Charlotte Hornets,CHO,BOBCATS-HORNETS2
2026,NBA,Chicago Bulls,CHI,BULLS
2026,NBA,Cleveland Cavaliers,CLE,CAVALIERS
2026,NBA,Dallas Mavericks,DAL,MAVERICKS
2026,NBA,Denver Nuggets,DEN,NUGGETS
2026,NBA,Detroit Pistons,DET,PISTONS
2026,NBA,Golden State Warriors,GSW,WARRIORS
2026,NBA,Houston Rockets,HOU,ROCKETS
2026,NBA,Indiana Pacers,IND,PACERS
2026,NBA,Los Angeles Clippers,LAC,CLIPPERS
2026,NBA,Los Angeles Lakers,LAL,LAKERS
2026,NBA,Memphis Grizzlies,MEM,GRIZZLIES
2026,NBA,Miami Heat,MIA,HEAT
2026,NBA,Milwaukee Bucks,MIL,BUCKS
2026,NBA,Minnesota Timberwolves,MIN,TIMBERWOLVES
2026,NBA,New Orleans Pelicans,NOP,HORNETS-PELICANS
2026,NBA,New York Knicks,NYK,KNICKS
2026,NBA,Oklahoma City Thunder,OKC,THUNDER
2026,NBA,Orlando Magic,ORL,MAGIC
2026,NBA,Philadelphia 76ers,PHI,76ERS
2026,NBA,Phoenix Suns,PHO,SUNS
2026,NBA,Portland Trail Blazers,POR,TRAIL BLAZERS
2026,NBA,Sacramento Kings,SAC,KINGS
2026,NBA,San Antonio Spurs,SAS,SPURS
2026,NBA,Toronto Raptors,TOR,RAPTORS
2026,NBA,Utah Jazz,UTA,JAZZ
2026,NBA,Washington Wizards,WAS,WIZARDS
